n_true,profile,rep,N,n_exp,n_soe,n_exp_1s,beta_exp
0.5,fast,0,5796,0.3654252828490305,0.4700139289341299,0.4864870790069922,1860.0165857758168
0.5,fast,1,5965,0.3823046042031198,0.4855748091156603,0.5035094688980577,1568.5086756446078
0.5,fast,2,5930,0.3761151481163922,0.4853574688025451,0.4963318148506982,1970.3141814003209
0.5,fast,3,6035,0.3819943137715787,0.5036336251229251,0.5036230029037772,1743.9084033482052
0.5,fast,4,6002,0.3858023581312905,0.4857656421153538,0.4956016606976882,1593.3756321301817
0.5,fast,5,5984,0.3689119508203146,0.5457743660564786,0.4910452871592582,1776.044079113604
0.5,fast,6,6098,0.3763034913646507,0.4901185410048486,0.5071602603868121,1740.6043967774256
0.5,fast,7,6024,0.3740928595762168,0.5200692243155689,0.483927534556357,1660.1142254323515
0.5,fast,8,5866,0.3710625402648885,0.4847668766777543,0.4794658195161157,1790.6088321116415
0.5,fast,9,5986,0.3858162241337984,0.5925948145317426,0.5021678838820075,1650.700004342692
0.5,fast,10,5929,0.3798244547314595,0.4849673353749896,0.4970251254379843,1797.6953827739626
0.5,fast,11,6170,0.3860208405120046,0.5059778022356318,0.5039416003710678,1812.981881255933
0.5,fast,12,6099,0.3824135022189976,0.4826781731003329,0.4885142841259122,1656.3805194655124
0.5,fast,13,5855,0.3611971256495436,0.570538203019363,0.4834841408563664,1791.5178460015482
0.5,fast,14,5893,0.3581816835547467,0.5005717454818195,0.5032314328580662,1576.7667061958466
0.5,fast,15,6022,0.3901536339380259,0.522209330696699,0.506486245101733,1644.089235781808
0.5,fast,16,6015,0.3860201764563574,0.4916854043157672,0.5065270884054739,1542.0443088580969
0.5,fast,17,6014,0.3831759023653378,0.499618565651151,0.496089647434916,1791.8814483688393
0.5,fast,18,6289,0.3974358214552927,0.5637504356214418,0.5202321898564402,1789.6209049123668
0.5,fast,19,6121,0.379593490980574,0.5295686043687443,0.5046015594755633,1818.8268528476967
0.5,fast,20,6044,0.3788287742300259,0.5583255908589112,0.487335022476957,1679.6883918731166
0.5,fast,21,6197,0.384230116171636,0.5271924750520304,0.4913069387250147,1596.3343725175812
0.5,fast,22,5961,0.3691444488698737,0.4968032767105022,0.4887210187261386,1902.674070101183
0.5,fast,23,6031,0.3921382466924074,0.5429802573323584,0.4995769877351854,1828.02244827527
0.5,fast,24,5827,0.374874113160735,0.5639925732020574,0.494039397473167,1880.3065012312995
0.5,fast,25,5898,0.3761742679576318,0.5656186678088888,0.4790476718689474,1875.5500858676817
0.5,fast,26,5968,0.3847976097659307,0.4793042449916011,0.4876651494579611,1727.4291566009117
0.5,fast,27,5714,0.3561420188207386,0.5516194260226934,0.4823232914123436,1887.6789906663653
0.5,fast,28,6170,0.3828357904469734,0.478980925931352,0.4812713557316764,1993.940556525495
0.5,fast,29,5996,0.3725919177833239,0.5170708907034068,0.4960589762927075,1821.8244319042835
0.5,balanced,0,6158,0.1727736078405383,0.5341802567057454,0.3756231586310175,1188.5037467078585
0.5,balanced,1,5944,0.1903146267914305,0.4791210360520507,0.3829507152485779,963.7051452232082
0.5,balanced,2,5750,0.1721455247723596,0.361766599820273,0.3459342361320022,1090.2933144417143
0.5,balanced,3,6091,0.1805046188442856,0.5382058634318011,0.3763568329419791,1175.864438772083
0.5,balanced,4,6112,0.1801982230476094,0.505418053594001,0.3924060277183349,958.6817958229992
0.5,balanced,5,6039,0.1783654911923486,0.4554616343584787,0.35040586411807,1079.3879394179269
0.5,balanced,6,6043,0.1723822734852279,0.4747522728633202,0.3557007962100535,1069.062197830324
0.5,balanced,7,5964,0.1736552998175989,0.5066478691852748,0.3425921645122646,1111.7129641393385
0.5,balanced,8,5966,0.1860866950953963,0.4609491462159812,0.3827186191154551,804.0911476151236
0.5,balanced,9,6028,0.1886493636209031,0.5614337649865889,0.3798723420664625,891.3313022360772
0.5,balanced,10,5835,0.1758317799644034,0.4317227795988894,0.3709810999045781,1012.653919689534
0.5,balanced,11,6281,0.1723386192840242,0.4754809318509497,0.3599153720238978,1284.4952525873864
0.5,balanced,12,6079,0.1778651858998909,0.5372095868950261,0.3689990799773657,1181.3060766339242
0.5,balanced,13,5856,0.1893960425941125,0.5281417485825167,0.3767732168160125,915.2843030270664
0.5,balanced,14,6052,0.1836174821459844,0.4148728634348813,0.3587898024311322,922.9501436046024
0.5,balanced,15,6241,0.1804114256588734,0.5007938652060336,0.3599994780637464,1028.7398703680235
0.5,balanced,16,6120,0.1932442180022991,0.4127818004123655,0.391969190753459,894.9205934990249
0.5,balanced,17,6228,0.181541456013997,0.3939480978479142,0.3464861170104318,830.502767315395
0.5,balanced,18,6291,0.1911721616355865,0.4671381509855808,0.3907915178764037,1092.9164639587436
0.5,balanced,19,6126,0.1735502957132154,0.5358942189163768,0.3882731433612281,1214.302722266507
0.5,balanced,20,5915,0.1824989316883278,0.4991822531299896,0.3554730992481245,1022.8440232199156
0.5,balanced,21,6032,0.1854056304243933,0.5970211652671122,0.3868644018700409,907.538712064226
0.5,balanced,22,5870,0.1729689687819531,0.4454251653176964,0.3952570219708271,1261.2137969306482
0.5,balanced,23,6018,0.1773632982450435,0.4133765238620072,0.3793306601086726,1120.160543685722
0.5,balanced,24,5873,0.1725540861346875,0.4831111119839384,0.3763189615333365,1172.177569889766
0.5,balanced,25,6157,0.1887432692102878,0.467795454249847,0.3732750205026187,825.6417225334784
0.5,balanced,26,6090,0.1914397907409565,0.5014748090641717,0.3954860352955056,931.7464419740336
0.5,balanced,27,5986,0.1692238500954151,0.4656923257048531,0.3655426000352365,1125.2434679358391
0.5,balanced,28,5884,0.1797363856650721,0.3851711461370938,0.3505726721048295,1241.1692059005627
0.5,balanced,29,6094,0.1804702378609629,0.503349400258279,0.3936458165211907,1064.446538668888
0.5,slow,0,5998,0.0477018288152035,0.3513982782704473,0.2132011652005209,176.55384152706156
0.5,slow,1,5954,0.0466360502390108,0.5359361644110762,0.2127613057092826,156.5312116618043
0.5,slow,2,5964,0.0268875837615421,0.4371854928650696,0.2637287797792221,932.9761534562462
0.5,slow,3,6025,0.0506560303669222,0.3742587795004315,0.1845897666340596,155.3898623436162
0.5,slow,4,6094,0.0620302759839831,0.5203247853961053,0.1987483857675707,85.2264455922263
0.5,slow,5,5559,0.0590889259472577,0.4802602198699141,0.2041133815754718,62.26991112966043
0.5,slow,6,5847,0.03955577778484,0.1843746294554361,0.1500534266295599,249.73018188836613
0.5,slow,7,5981,0.0387773329450815,0.5033473820729988,0.237256976169562,228.3746704863128
0.5,slow,8,6086,0.0382294636980385,0.4741008182399031,0.2353781143306794,186.0083284150873
0.5,slow,9,6191,0.046891150008334,0.5519500297699196,0.2423720884887631,111.58357858304048
0.5,slow,10,6175,0.0434729093879371,0.4180310835806425,0.2277032590693338,198.85140482266027
0.5,slow,11,5936,0.0363924338234603,0.529237050654873,0.1947313484448249,256.32906201542283
0.5,slow,12,5716,0.0408551040094702,0.4505341070746309,0.1554070478487748,298.4682302995459
0.5,slow,13,5992,0.030710334701129,0.5311350655334196,0.3288189834537982,466.2084354244295
0.5,slow,14,6239,0.0681180902982279,0.2998044952436196,0.1964300401127947,55.9702273270828
0.5,slow,15,5998,0.0458461546619636,0.5404082924953821,0.2345653593771777,200.8261111015792
0.5,slow,16,6053,0.0315898236620546,0.4599879316482777,0.1608940051865321,391.0697685659419
0.5,slow,17,5844,0.0397105157194895,0.4059137630102725,0.2402596930959491,188.7046099730782
0.5,slow,18,5821,0.0447157156029543,0.572897739500883,0.2750494882267073,166.91408767108285
0.5,slow,19,6006,0.0258935367133898,0.1277533617047608,0.1587204835220172,577.0248050312453
0.5,slow,20,5859,0.0465882225250227,0.3999617199063386,0.225881226546885,137.23974738147817
0.5,slow,21,5885,0.0511841265411602,0.5373325934379088,0.2023900276180223,94.98163002252564
0.5,slow,22,6089,0.0313420104949319,0.41428837679682,0.19781704332967,471.3932270589534
0.5,slow,23,5974,0.0403537554284019,0.3698968024782915,0.2240774939210189,261.01246305684924
0.5,slow,24,6136,0.0283105907138884,0.4698132165116528,0.2699980807860027,585.3077218503508
0.5,slow,25,5990,0.0261627494888226,0.6218389369529874,0.2526410846857146,802.1104842469122
0.5,slow,26,5962,0.0255325860217915,0.5763984559669161,0.2843875428785224,629.6297858087702
0.5,slow,27,5564,0.037717321434776,0.3238410042999688,0.1967003532829328,184.48217780610784
0.5,slow,28,5856,0.0387979737673435,0.358932931650676,0.2235789371717295,183.08063268475613
0.5,slow,29,6232,0.0476851264018448,0.4797548231223207,0.2687173420476166,155.10466440090428
0.7,fast,0,6390,0.5545663938788744,0.7087816876063213,0.6774042819442175,1472.1596102906003
0.7,fast,1,5656,0.531029709797035,0.7065478583729359,0.6597304786758059,1374.9356170388162
0.7,fast,2,6254,0.5502559914823871,0.9504329113710102,0.6814371531676802,1390.742545969853
0.7,fast,3,5919,0.5448396325174899,0.7200575466675418,0.669623234006739,1415.405510713151
0.7,fast,4,6557,0.5571813404755458,0.7017409147415787,0.681725595810957,1532.062796602361
0.7,fast,5,5949,0.5422113802491909,0.6858471421674279,0.6708240923086439,1512.5428995194486
0.7,fast,6,5810,0.5475780478500719,0.7379815333068811,0.6696931532086379,1457.0138867512862
0.7,fast,7,5673,0.5169385431366158,0.658276270560849,0.6529376486765937,1571.2277508179836
0.7,fast,8,6085,0.558452542076457,0.6950619023583313,0.6916748900929096,1394.5373619645918
0.7,fast,9,5772,0.537735728491894,0.6894103890870831,0.6626767032251009,1436.8380916564115
0.7,fast,10,5885,0.5480988144364725,0.8165736247860136,0.6698813752992324,1359.038243338307
0.7,fast,11,5594,0.5340180307074144,0.7125050415912983,0.6701758787361026,1594.0548490029687
0.7,fast,12,5977,0.5434529452056487,0.6897481256614679,0.6710835549432139,1452.712806945373
0.7,fast,13,5468,0.5307712857534925,0.6710226488136867,0.6615674060791555,1523.925324727831
0.7,fast,14,5864,0.5525512228894045,0.7473725922708792,0.6833830969154905,1500.7179116086047
0.7,fast,15,5878,0.5610847552766838,0.6849124529073303,0.6745139773339512,1428.495702873966
0.7,fast,16,6434,0.5649435327179213,0.7209800153096206,0.6848149782779916,1344.1426147559876
0.7,fast,17,6136,0.5288037382324617,0.6918825225668812,0.665920136485182,1531.884012920755
0.7,fast,18,6327,0.5540032601392142,0.7107746789116179,0.6868132723117629,1517.052560089389
0.7,fast,19,5836,0.5276993139199825,0.6699026112775542,0.6538796641654215,1435.0045348277338
0.7,fast,20,5956,0.527161572620429,0.7049916773075842,0.6677459746039427,1555.5161472281488
0.7,fast,21,6193,0.5489938231065006,0.7290743494974863,0.6828908950640148,1456.2018718622794
0.7,fast,22,5830,0.5379036449950894,0.7692360937605973,0.6728263695113327,1458.5168076366572
0.7,fast,23,5903,0.561277061861144,0.7441766341583773,0.6810676424893123,1434.681488739187
0.7,fast,24,5983,0.5500591818025642,0.7018784154385188,0.6810732833263282,1565.134235443014
0.7,fast,25,5720,0.5419542139186633,0.7090640213754535,0.6630431413512747,1375.3647281418698
0.7,fast,26,5609,0.5323482910924964,0.6440716580958682,0.6461280572636628,1441.0655608164127
0.7,fast,27,5932,0.5452150696919601,0.6881148382246443,0.6700420039024201,1560.1832280760034
0.7,fast,28,6115,0.5558794082145823,0.7296825336752172,0.6861871899113343,1341.520104016882
0.7,fast,29,5736,0.5397388806909568,0.684585525663207,0.6617138390527529,1391.632497474194
0.7,balanced,0,5902,0.2609925114088821,0.7540070426932349,0.5172250291842454,703.5934859513706
0.7,balanced,1,6129,0.2782095816080534,0.692206600644523,0.5263332910978371,853.5827054691467
0.7,balanced,2,6116,0.2653957439300197,0.6835140155457685,0.5118199697782916,838.0070841795522
0.7,balanced,3,5800,0.2464622774801415,0.6161420485775929,0.480909524731861,935.4688033256248
0.7,balanced,4,5993,0.2600445816130515,0.7563901273225502,0.5172260346723937,885.3643370385778
0.7,balanced,5,6225,0.2923442884802054,0.6882866362049019,0.5368682471851776,560.2810299797308
0.7,balanced,6,5990,0.276122490416222,0.7343473749944585,0.514412806982778,629.3649884051935
0.7,balanced,7,6199,0.2728302867588487,0.7219857692261015,0.5118786134827158,771.6287428849367
0.7,balanced,8,5568,0.2554019605153594,0.6309240814180193,0.5131661027898641,716.1760811334659
0.7,balanced,9,5675,0.2626326557962954,0.6820449452180878,0.4942502753775596,814.9554520301716
0.7,balanced,10,5648,0.2648931971521219,0.7236003223129044,0.5157800736344879,792.9710732190429
0.7,balanced,11,5841,0.2684174506065752,0.6948776391111496,0.5107220174635982,686.4856279078642
0.7,balanced,12,6250,0.2582315736692331,0.5612520447810933,0.4832207642263273,801.572444680289
0.7,balanced,13,5940,0.2710965646258022,0.6902227562902049,0.525805874024795,939.0682342890238
0.7,balanced,14,6189,0.2496513288856325,0.6530992394211966,0.4923233557783391,911.320170289666
0.7,balanced,15,5647,0.2620482935037417,0.650253462586057,0.5041302241390173,734.639985953597
0.7,balanced,16,5552,0.2760747459832702,0.6299962581530705,0.5157510507649894,715.9010561437973
0.7,balanced,17,5686,0.2673733536951905,0.6645629259505326,0.4961089188862181,672.8994307227379
0.7,balanced,18,5940,0.2540672859727394,0.6310693100837172,0.5202996602902697,1015.7575575854728
0.7,balanced,19,5664,0.2664495563623247,0.6083375240193364,0.491143830495828,676.7404181720594
0.7,balanced,20,5850,0.2713435298579107,0.5920919223728979,0.4992556920543865,643.7360320584977
0.7,balanced,21,5781,0.2587967769364746,0.6288901001033461,0.4928231221997838,742.3457684136898
0.7,balanced,22,5728,0.2613606021243185,0.7377698602443197,0.5090506342295873,896.5619662058025
0.7,balanced,23,5705,0.2694307691074245,0.6002122573176345,0.499224436516744,727.0178495703829
0.7,balanced,24,6287,0.2848612643412157,0.6924245107930589,0.5451473294893837,664.8374747140401
0.7,balanced,25,6049,0.2773863582862502,0.6586229676230383,0.5276954787272593,762.1634951543197
0.7,balanced,26,5876,0.2630324464753584,0.6504326289054752,0.5176069731027356,656.066222711077
0.7,balanced,27,5919,0.2727191235731822,0.6157395270534198,0.5085468532016174,686.3773381235791
0.7,balanced,28,5528,0.2631663073398672,0.6651323724956214,0.5044166111501052,698.5818890588314
0.7,balanced,29,5652,0.2745396451265108,0.7158391049743154,0.5111390729913962,614.5911118927442
0.7,slow,0,5612,0.0536742014251889,0.6961030322909252,0.4173753000582357,242.5836018227909
0.7,slow,1,5928,0.0614537157806224,0.5337285549651107,0.3784632515928811,192.76485431388008
0.7,slow,2,6054,0.0542130658647307,0.6893843743635393,0.3106802667494922,264.6055296180333
0.7,slow,3,5579,0.0773564530899838,0.755197040540809,0.4932402041997408,71.35096726345661
0.7,slow,4,5423,0.0487001426654034,0.6395430069539471,0.3246969265391479,288.597197840936
0.7,slow,5,5882,0.0597207970065859,0.6915953257706872,0.3384521622292432,165.42705912445348
0.7,slow,6,6076,0.0512426205337711,0.6536169371653423,0.3041361829515588,310.3820002111351
0.7,slow,7,5849,0.0565526554723998,0.5721739208528335,0.3193488438268019,167.5185231962506
0.7,slow,8,5994,0.078394845925091,0.6191734591119662,0.3011018998992532,94.86932477623571
0.7,slow,9,5633,0.0569074937955831,0.350122085101653,0.3215466948388648,288.8375994914365
0.7,slow,10,5402,0.0461520302390051,0.6859794364244416,0.4386737232891731,293.2341044910342
0.7,slow,11,5747,0.0570665192950671,0.6169525801824172,0.2824907784344209,202.03341068766528
0.7,slow,12,5316,0.0513295844783429,0.7607849025426293,0.3850933283060471,226.2922071182691
0.7,slow,13,5771,0.0944795599079675,0.7594088880530554,0.3112558852786002,62.26785011120902
0.7,slow,14,5645,0.0610054418460086,0.6438831210783338,0.480239616796092,130.5128689610044
0.7,slow,15,5761,0.0772369778611528,0.6753769614573607,0.3288154446409961,91.60645316800404
0.7,slow,16,5918,0.0734737814754005,0.7235743073837305,0.3264230265443856,83.10893991630039
0.7,slow,17,5875,0.0583396164229482,0.6276867029778551,0.3084490638711814,183.7530313083914
0.7,slow,18,5896,0.1126933222065368,0.6998262393061846,0.3548370725058566,34.41970385827882
0.7,slow,19,5927,0.0932715067405678,0.7755266072052541,0.4339193251313359,56.16813739116693
0.7,slow,20,5699,0.0566718460493859,0.6316720590274636,0.3781682691175268,181.90625235329904
0.7,slow,21,5920,0.0623123564369813,0.5514945585909296,0.3952435425790825,110.7217671707297
0.7,slow,22,5535,0.0641167352165132,0.7506511610313101,0.6440453213171546,144.7632144513492
0.7,slow,23,5800,0.0478217660344287,0.649411431189221,0.3155478557510016,475.5592334257164
0.7,slow,24,6048,0.0478515075690121,0.614205185331728,0.2589166014697971,250.5885329449785
0.7,slow,25,5884,0.0676602166871684,0.7108628238125324,0.3971798054581008,163.53276053478092
0.7,slow,26,5694,0.0682644478324964,0.6799360352677533,0.297521919430388,114.17924077908545
0.7,slow,27,6008,0.0532596549733022,0.6215786749721721,0.290005090565622,213.50685663078264
0.7,slow,28,5689,0.0584641351767794,0.698551598452387,0.3337894396742111,215.9731848001481
0.7,slow,29,5688,0.0434911595779278,0.6913185342043399,0.3256387998961278,451.6306602081272
0.85,fast,0,5390,0.6704478032047777,0.8198671339346841,0.7939533376247738,1224.5118105701972
0.85,fast,1,6444,0.7014859361551947,0.8488937286176118,0.819379931862592,1256.8500304341717
0.85,fast,2,6218,0.6971308613897843,0.8519659839304007,0.8146568408459044,1043.750617070672
0.85,fast,3,6458,0.6943792965285871,0.8640322359068692,0.8165395386531836,1034.492043537533
0.85,fast,4,6608,0.7068978667078866,0.8536888162498653,0.823782083867303,1054.3826349541057
0.85,fast,5,5135,0.6628982210999023,0.8222589326044221,0.7898949778607328,1049.8886995269038
0.85,fast,6,6284,0.6996505338044826,0.8863743587512405,0.8094568215260612,1020.8455568292102
0.85,fast,7,5746,0.6822967078732337,0.8382195947385197,0.8106903670620349,1214.9699046256226
0.85,fast,8,5276,0.6731920615904667,0.8253903663116832,0.7932628486391018,1182.161731419558
0.85,fast,9,6440,0.7144462128527467,0.8542596664121364,0.8264743212737959,1002.4316612388434
0.85,fast,10,6723,0.7017062506741183,0.8681144890132969,0.8437626011959484,1127.7593951016224
0.85,fast,11,5755,0.6823619854087618,0.8675035342855096,0.8182927211289461,1265.2576120596862
0.85,fast,12,5009,0.6660699803268739,0.8505568897726121,0.7816838294311259,1215.6494744334511
0.85,fast,13,5638,0.6742811159198148,0.849047089058508,0.798528174594267,1216.4081497688608
0.85,fast,14,6041,0.696718059674723,0.8600286558756177,0.8151835215830694,1057.865427312942
0.85,fast,15,6294,0.6927614170712363,0.8470978269006566,0.813604538121143,1137.4964608202881
0.85,fast,16,6303,0.6917102320709848,0.8494981376672112,0.8190605611366786,1063.1527802217688
0.85,fast,17,6843,0.7034131574257096,0.8659492100254901,0.831496454864111,1163.034406113655
0.85,fast,18,6358,0.7023658007601085,0.8595873898816346,0.8230492564356975,1038.196671748543
0.85,fast,19,5778,0.6878320610055945,0.838994857741553,0.808479429212015,1085.0465445681803
0.85,fast,20,6295,0.6901393485513314,0.8460331561085805,0.8147903210010132,1147.2445532814475
0.85,fast,21,6335,0.6827386066066528,0.8365385883841076,0.8126413850972432,1163.1628513758933
0.85,fast,22,6027,0.6994287161517477,0.8492280226697102,0.8172776420032539,1014.6143111572949
0.85,fast,23,6498,0.7119531502837422,0.8446689137164595,0.8260974982189508,1022.8014601680844
0.85,fast,24,5559,0.6956921404830694,0.8399952321905448,0.8067407899333544,1091.242164670513
0.85,fast,25,5174,0.6688928163491786,0.8452756824917467,0.7939535133183602,1169.9093663674053
0.85,fast,26,5510,0.6799207984067768,0.8432104597618049,0.7968709150401915,1149.0403771587728
0.85,fast,27,6150,0.6872480821541593,0.8441081716475001,0.8181636001268052,1074.1334653648555
0.85,fast,28,5072,0.6606692202312558,0.8182525590064632,0.788973031938836,1083.6217047103667
0.85,fast,29,6110,0.6892668979897575,0.8416970518499419,0.8115287446150425,1124.4752046871636
0.85,balanced,0,6232,0.33904121741421867,0.8264799492504,0.637751034018747,592.9008645438961
0.85,balanced,1,5993,0.33942412109322956,0.844353533504757,0.6416806153994263,659.4770428048071
0.85,balanced,2,6247,0.35342077467782623,0.8103357316122608,0.6265053405812548,528.6199084257609
0.85,balanced,3,6368,0.36828158563602703,0.8442214007601981,0.6518115751064958,422.16139428032255
0.85,balanced,4,4941,0.3451639762618686,0.7668937349457003,0.6042006146669707,447.8256213633062
0.85,balanced,5,5759,0.35649261202712956,0.8289741112016166,0.6275193906078104,432.5323901062272
0.85,balanced,6,5496,0.3250136052060872,0.8241277440956181,0.6082676517147505,601.5506449623101
0.85,balanced,7,5887,0.33923594786046907,0.8849820873232356,0.6390047380506212,661.5860217667805
0.85,balanced,8,6353,0.3472845122331128,0.8448998547875899,0.6312920681877885,650.4767834202372
0.85,balanced,9,6208,0.35042406998818304,0.8412457746081038,0.6378930294706293,489.58940746129986
0.85,balanced,10,5535,0.34974065713103625,0.8260910998341213,0.6164818870221532,472.28259778927065
0.85,balanced,11,5910,0.346223442893752,0.8550725242206393,0.6355576750236112,589.1001346730277
0.85,balanced,12,5726,0.3571234356026941,0.8687563274753805,0.618399707746767,508.9904690192664
0.85,balanced,13,6484,0.35809936788468877,0.8328769926693618,0.6401987345149603,608.9093553507688
0.85,balanced,14,6136,0.3468114403980941,0.8559672312907858,0.6357529805244692,495.40475815593175
0.85,balanced,15,6617,0.358153424788232,0.842601300817169,0.6394440513345274,687.4107751624583
0.85,balanced,16,6160,0.3429824278571581,0.8320339917015843,0.6443903233114813,544.8458240524576
0.85,balanced,17,6168,0.3432636137182024,0.8640714894582744,0.6123386294250284,542.2157333640266
0.85,balanced,18,5970,0.349086149762748,0.7802787201203408,0.6327010627608853,490.11972911232897
0.85,balanced,19,5213,0.34480886993885185,0.7940295616947003,0.6114329729623512,551.7626594170629
0.85,balanced,20,6965,0.3679921191116647,0.8811505749547086,0.64550230733982,441.52631240494793
0.85,balanced,21,6012,0.33771027082906524,0.84290834358642,0.6413700242299034,668.0964060372119
0.85,balanced,22,5717,0.34304639132409714,0.8600823895886545,0.6131460715223421,565.5123582168258
0.85,balanced,23,6238,0.33534553268780515,0.8572856417512551,0.6325296079592994,651.2424680371737
0.85,balanced,24,6617,0.37187173106229954,0.875901327789061,0.6560427647984335,423.16971101636585
0.85,balanced,25,5601,0.35014518165645897,0.8619767774493424,0.6421366233873249,478.69417864368256
0.85,balanced,26,6321,0.35922149742807313,0.8096769595059751,0.6195378824526576,530.706429755651
0.85,balanced,27,4732,0.3398476165128259,0.8294493566900275,0.6271450458293003,556.1875021079727
0.85,balanced,28,6295,0.3659293757284496,0.8813633290998679,0.6579819971964782,483.95391156584986
0.85,balanced,29,6145,0.3648563525637438,0.8431093867095941,0.6406915904636419,452.27516898952547
0.85,slow,0,5637,0.08227888838231757,0.7605181795137796,0.4077222058554148,206.16867078849813
0.85,slow,1,5429,0.08005656642387338,0.8559541162978301,0.5230884969794648,122.56158560112101
0.85,slow,2,6522,0.10060365722962208,0.8575585197031858,0.5021818318877617,106.69324306289438
0.85,slow,3,5712,0.13875446633213442,0.8973345885608319,0.5598013652178585,35.36061111902111
0.85,slow,4,5015,0.1620554151547572,0.8373642442241831,0.5995839660028996,18.68053492334024
0.85,slow,5,5120,0.1888953038910787,0.8474216053876823,0.4628806572250336,11.961641066235712
0.85,slow,6,6524,0.08221609769361415,0.8701915925263762,0.6715641743205735,134.32858864064156
0.85,slow,7,5758,0.10266679947491013,0.8491557584752674,0.39649336657411166,73.33593539109586
0.85,slow,8,5714,0.16692667590551427,0.8326011822676934,0.48546430402007174,18.692351778362205
0.85,slow,9,5015,0.10359812841849521,0.5856438119145366,0.42926553670431444,62.625957946555474
0.85,slow,10,7322,0.07859256094377827,0.8843780347128486,0.6016967173778155,181.608963568744
0.85,slow,11,6563,0.10386069743026134,0.8445858208643267,0.4286515062954657,87.02443750472507
0.85,slow,12,6037,0.08961033906818723,0.8138199515653085,0.5169191333089922,116.6443011766607
0.85,slow,13,6225,0.07263514157761265,0.5602919869223721,0.47171780803067703,223.93500924456134
0.85,slow,14,5495,0.07031731816905211,0.7597788759947008,0.41009714092420335,220.65253151436073
0.85,slow,15,6507,0.09606094703031341,0.7596655126097597,0.46369698195205356,102.92849352934854
0.85,slow,16,5457,0.09207462430345974,0.8368626694967256,0.6275006790766882,87.37856881589613
0.85,slow,17,6292,0.07874956117283201,0.806774068170431,0.46882177762393457,168.78855243040059
0.85,slow,18,5607,0.12382419898885703,0.8533533092658935,0.5268072542736845,44.60704039203359
0.85,slow,19,5212,0.15281560004615777,0.838993300126866,0.47649468672033246,24.36072349910759
0.85,slow,20,6533,0.07931868901903447,0.8680613731787719,0.39458704013777574,201.54466851243137
0.85,slow,21,5643,0.08310741729074626,0.8050863610090642,0.42507756928174534,140.11135987670787
0.85,slow,22,6057,0.08734526172955417,0.5443694087040307,0.3965698353804512,122.442155492715
0.85,slow,23,5462,0.09755819259499879,0.7960099900989224,0.38270248621253844,71.30371194131833
0.85,slow,24,5294,0.0683757036000831,0.8504450437972179,0.4709108004794962,197.166337247794
0.85,slow,25,5334,0.10994464087847675,0.8529051457416471,0.4892341173660238,58.47808646984197
0.85,slow,26,5252,0.06830006648372751,0.7011725352979384,0.3476709302110285,233.2135037501352
0.85,slow,27,5025,0.08497763227446978,0.8382860935146575,0.474326220598137,125.08075999082577
0.85,slow,28,6093,0.09046959025082293,0.8535661355362458,0.5131085182683579,92.64403585257584
0.85,slow,29,5106,0.14010147337521212,0.8219942661203921,0.49353586335209004,25.22872862933148
0.95,fast,0,6252,0.807754895492463,0.9505304731196179,0.9217070157940465,857.3329657367892
0.95,fast,1,7095,0.8330325599254343,0.9618763588613475,0.9293728685283077,769.1622204034859
0.95,fast,2,5054,0.8081744780313949,0.9302850695975899,0.9093964344262917,710.5375317085205
0.95,fast,3,5737,0.8215081890694413,0.9523568000625402,0.9237331738174773,696.7848136604856
0.95,fast,4,5683,0.8117235703702821,0.9449351892650557,0.909715100797542,787.965967295505
0.95,fast,5,4480,0.7814555071179793,0.9254059304907556,0.893968361674354,814.4129401642555
0.95,fast,6,8283,0.8269507106383959,0.9642167633083627,0.9280462740616446,848.7712995277626
0.95,fast,7,6740,0.8334010556722553,0.9621473589321443,0.9361757753185485,747.0096473213155
0.95,fast,8,4789,0.7931877447049336,0.9400729520505408,0.9030344704863158,905.8091140774413
0.95,fast,9,5481,0.8164437690168432,0.9388942209756429,0.9111182969952515,797.9818423135895
0.95,fast,10,5791,0.794298693754284,0.9316373028786165,0.9016434446723118,936.1649878668115
0.95,fast,11,4401,0.7926725065216298,0.9307281361262636,0.9030888888811074,834.6886063661065
0.95,fast,12,5704,0.7992366601865218,0.9371134294526684,0.905999564442102,768.149930033623
0.95,fast,13,4794,0.8227873400546357,0.9452175291686417,0.9085168903793782,730.4442108048571
0.95,fast,14,5930,0.8166785119216957,0.9441446158460098,0.9120112205732217,741.7824986257506
0.95,fast,15,5935,0.7922127559383856,0.9506556778426424,0.9130721280041839,886.464778345538
0.95,fast,16,6293,0.8115638405783349,0.953321716697277,0.9192367877473953,828.7845549449138
0.95,fast,17,3525,0.7917350241750905,0.9233912854197047,0.8840405602559965,753.080961999672
0.95,fast,18,6013,0.8128917970371149,0.9541194728654657,0.9128362795160462,820.3037307611703
0.95,fast,19,6016,0.8151270342701967,0.949309903495837,0.9205413876738636,911.7155257678103
0.95,fast,20,5282,0.805823499732734,0.9391769779326542,0.9096187229832619,718.2208593841882
0.95,fast,21,5388,0.8122609140354704,0.9360746458164518,0.9117990046024553,729.4439000979448
0.95,fast,22,10607,0.8371445812781247,0.970580636746026,0.9449864512639271,877.0442728583266
0.95,fast,23,5109,0.8013920057913088,0.8397845775645632,0.9144715619392604,765.7266984125495
0.95,fast,24,3425,0.7736972824787577,0.9146060587950963,0.8747587677089738,821.8927605388182
0.95,fast,25,5338,0.7868268643066954,0.9392536049737019,0.9077537992652053,921.2180604451551
0.95,fast,26,8062,0.8280014573587208,0.9634354761636078,0.9281501573306378,817.5856107740173
0.95,fast,27,6040,0.8247019696542476,0.9432153879213718,0.9165718290065779,727.2168525585023
0.95,fast,28,4423,0.7969169263163047,0.9295436844209891,0.9010118999551319,764.7361537321991
0.95,fast,29,9051,0.844130869045895,0.9627914153987027,0.9361854091841111,766.5417829514438
0.95,balanced,0,3690,0.4193539356666708,0.885559409653261,0.6858111262920842,324.5916490016352
0.95,balanced,1,3585,0.4091246491484264,0.9026633235201761,0.6895683501288974,344.17675538135455
0.95,balanced,2,12413,0.40518147405568883,0.9682624841312992,0.8204764037888084,549.5984673073978
0.95,balanced,3,4592,0.4215457590148679,0.9553957441905548,0.7544921648336195,323.98138459633594
0.95,balanced,4,7494,0.40379252708919333,0.9596582486947842,0.754312315192,525.8942566385094
0.95,balanced,5,5523,0.42213871977116013,0.9484435241567113,0.7315400363350004,340.7012252681134
0.95,balanced,6,4297,0.4364215717095194,0.9303081172144653,0.7179374588978927,294.14723682911034
0.95,balanced,7,5676,0.4677948041704316,0.9688595330950343,0.8128740262196872,223.05494907359727
0.95,balanced,8,4662,0.4193857773369581,0.94977412118411,0.7369099041799123,375.2238967268087
0.95,balanced,9,6257,0.4237797108825506,0.9026480904117301,0.7181613681246728,403.9501961504105
0.95,balanced,10,6640,0.4121260354956138,0.9634091816950565,0.7552678510709642,464.05818661678666
0.95,balanced,11,6550,0.42236421745969027,0.9463188249309126,0.7666074513449673,347.55870661461205
0.95,balanced,12,3935,0.42455738738749604,0.9392714322608834,0.7255004077448273,328.71065115464296
0.95,balanced,13,5925,0.40900006012574613,0.9372040073899333,0.7459860066964601,388.6653928330346
0.95,balanced,14,3892,0.4114407109208437,0.9175341412852452,0.7051400787251325,328.37764382215914
0.95,balanced,15,5070,0.43054789895078316,0.9555850112091004,0.7544788384469819,379.7844033937172
0.95,balanced,16,5412,0.414018468272217,0.9192145543353634,0.7277007062994822,353.07286088407596
0.95,balanced,17,4141,0.4187296655506718,0.9396047613049497,0.7130233705559726,260.85650347124357
0.95,balanced,18,5595,0.39928027183291587,0.9394045744697856,0.7478355766261019,425.16331255499114
0.95,balanced,19,4592,0.41782205822516083,0.9555373107254956,0.7267614901342008,357.0741561459991
0.95,balanced,20,3579,0.411167610348138,0.8955466065113937,0.7130078158423084,390.7172403801538
0.95,balanced,21,6020,0.39631264150351453,0.9495464924079007,0.757781891331338,450.4029983033598
0.95,balanced,22,4964,0.439116681241905,0.9422271255506558,0.7592039349125058,282.6986421391259
0.95,balanced,23,7767,0.42131731005990497,0.9534214911944627,0.7766757649831539,425.2271695064859
0.95,balanced,24,4520,0.43969683897623574,0.8799710955458286,0.7265900243250294,281.7223121866982
0.95,balanced,25,5345,0.43996590021443444,0.94867108289046,0.7413781709589519,283.9671170747021
0.95,balanced,26,6456,0.43382300144894487,0.9522312148225545,0.750270957657958,349.19855203582966
0.95,balanced,27,4078,0.43722764392675645,0.9090436357318225,0.7153385616478048,310.1239530743039
0.95,balanced,28,4833,0.41720519830304353,0.8881687583486328,0.7017028748962699,318.7908946338624
0.95,balanced,29,5107,0.4310165894678621,0.9401570112504947,0.7318077338106983,292.3457530602479
0.95,slow,0,5190,0.6965390095371791,0.9541600931310623,0.780800717306843,0.558940044156514
0.95,slow,1,3863,0.778266603385049,0.9630984299975376,0.8234068015827566,0.46521622803735746
0.95,slow,2,3286,0.13838500182990812,0.8469262049061147,0.42293869009208757,43.5324637193394
0.95,slow,3,4162,0.3060816533020742,0.8982144415601961,0.6328289028938592,3.8784638928124484
0.95,slow,4,4548,0.8323991352404854,0.958555868157354,0.8687558697912852,0.2649703166563431
0.95,slow,5,4745,0.3471061324138471,0.9305223842535383,0.8049500253746668,4.709643475974915
0.95,slow,6,2951,0.43953940463714575,0.9142102354730323,0.6157523674476345,1.2183576279403345
0.95,slow,7,6571,0.8933475234947384,0.9618555369200938,0.9005977741729193,0.17388287467128077
0.95,slow,8,3982,0.8883788810777744,0.9647075039378167,0.8967291695322662,0.1460245956186679
0.95,slow,9,4779,0.10908203297906022,0.9128685249767301,0.6125203024083491,99.78184837076334
0.95,slow,10,4371,0.23988398577712672,0.9603952712094822,0.7103239922538698,12.688957937252077
0.95,slow,11,4739,0.1277818922403716,0.9043044729488249,0.5159021843821776,47.29737894749562
0.95,slow,12,3903,0.25726725868651584,0.9254597079428677,0.706307201010841,7.834051839817015
0.95,slow,13,3676,0.25225456248651346,0.9092615114423273,0.7102385118993735,8.53332865351861
0.95,slow,14,3289,0.19577881539226916,0.8603866204107277,0.4898342281291895,15.40188110245836
0.95,slow,15,3130,0.22569538733657,0.8581438757568827,0.6137377031778496,10.425474415084958
0.95,slow,16,5070,0.8170607887553365,0.9627826782254898,0.8427460610890212,0.25157133959301864
0.95,slow,17,5319,0.15028701826724142,0.8881152838079592,0.6210312044694046,31.221419210906696
0.95,slow,18,4576,0.1552537886738372,0.9348125122336591,0.7219461917188452,36.44889902904854
0.95,slow,19,2682,0.3996902489322404,0.9047932155298617,0.708221586076133,2.0651539469549314
0.95,slow,20,4872,0.6860877889874593,0.9361725816188731,0.770396986055573,0.5060552307359993
0.95,slow,21,4990,0.6667139889259136,0.957458739089571,0.7756509269506177,0.6761818521643846
0.95,slow,22,4584,0.1826230394513369,0.9065160722254421,0.6435337314805679,19.72867219495984
0.95,slow,23,3989,0.7539056049684087,0.9522517068579359,0.8096187450352571,0.41921901497315495
0.95,slow,24,4729,0.6924887999478909,0.9390499323234558,0.7438082996248125,0.44093592528441
0.95,slow,25,3230,0.21117794884954258,0.9618013245434137,0.8507259905037718,14.97439291253701
0.95,slow,26,3706,0.703237013071097,0.9402802090728878,0.8067698638269897,0.41016561109395894
0.95,slow,27,4833,0.2745597981980126,0.9138069413481373,0.6615287558647736,7.897864324475258
0.95,slow,28,4946,0.8733213533550105,0.9743233999298527,0.891572840386198,0.2149006135282576
0.95,slow,29,3751,0.7019517823377026,0.9529634954880374,0.7571692011250116,0.5380526130421175
