day,proc,model,N,n,loglik,ks,ks_p,cvm,resid_acf1,resid_acf5,resid_acf10,mean_resid,var_resid
20140401,P,Exp,8846,0.545786471035749,11486.504976297338,0.125062706397722,4.684961541789393e-121,48.76591656154631,-0.009242933398047428,0.08712011527339697,0.026079588758023,0.9991725358390272,4.372420133257304
20140401,P,SoE,8846,0.9239409674435334,15554.340700000026,0.13030166174880253,2.0633128957832324e-131,34.13642303742351,-0.19400763334147106,-0.025949532084180077,-0.02125905850312879,0.9994249218798776,1.4391093204623964
20140401,Tr,Exp,24146,0.30168729426936153,-2552.3395468507115,0.18676275739713533,0.0,288.71272803614886,0.21397725661228295,0.2023227826303926,0.2004761438189012,1.000000085239574,7.5549381990424465
20140401,Tr,SoE,24146,0.9617454197063717,10128.56999668284,0.03082849403052068,2.267072034484327e-20,4.528206650361943,0.12758791508333903,-0.005748329249448371,-0.012018141798018234,0.9999940059997731,1.179621207761983
20140402,P,Exp,10105,0.5640799451496045,15393.241594889618,0.1132813558785436,2.0591980488517374e-113,47.62783247349517,0.02715877864307106,0.04539014717742162,0.0730842742896243,0.9999995364857482,3.7875778374144558
20140402,P,SoE,10105,0.9276721318154757,19942.080606634485,0.13353395798901813,1.3563880955429199e-157,39.769661654513975,-0.19215332274230187,-0.0502996983458659,0.009069088507192395,1.0000103851488154,1.4017309770389248
20140402,Tr,Exp,29106,0.29658825296985436,-1958.1203602196292,0.211861473242146,0.0,417.8839904069354,0.29693124294632967,0.19574916711734783,0.1964171847725513,0.9999386131334668,5.307954258600747
20140402,Tr,SoE,29106,0.9391426800604218,15208.793347079074,0.02542242082662613,8.958821792547094e-17,5.265026617173423,0.12726479449184086,0.005230660605482406,-0.0015343541149110415,0.9999233273600094,1.155853796108246
20140403,P,Exp,15827,0.5728507546978566,29441.791778391766,0.1416168426123463,2.0788844693800997e-277,104.4100927791615,0.041674408380916086,0.07399045441042845,0.04167954809787485,0.9992007188307267,12.925113681485275
20140403,P,SoE,15827,0.968560058145542,38338.550799613884,0.11362660314087414,1.8540116565785143e-178,47.2116421148203,-0.12206769639654196,-0.030790519989771798,-0.000583074345636921,0.9998536245023678,1.5932044868205446
20140403,Tr,Exp,40259,0.6906056016112613,14.139906559503288,0.18071413607154477,0.0,216.5330901923631,0.25693302054753786,0.14249204536382737,0.13932316710919398,0.9999999990417684,2.5009811603910976
20140403,Tr,SoE,40259,0.9632685390930911,23864.66621388068,0.039425992391299625,8.236366943220952e-55,15.338241343371873,0.1222882134180765,-0.004704492427355908,-0.002446507209925934,1.0000065851712725,1.2081426366699402
20140404,P,Exp,15312,0.5707561692867316,27199.723374219207,0.12461977950736758,1.003202693712748e-207,82.55666939839756,0.0746143811382319,0.030989851047342823,0.041530782473618216,0.9998801779185357,4.574673865113313
20140404,P,SoE,15312,0.9486663004027988,35337.91634444757,0.1201846159390198,3.468139761647057e-193,49.959663851509355,-0.18413305129264732,-0.04802027128741204,0.0013824118943588763,0.9999458285720175,1.4861122537210838
20140404,Tr,Exp,39716,0.6536503876760275,3409.518702841604,0.20304253231140126,0.0,282.89157094476883,0.1900711524497263,0.11920935356909332,0.10112043844447287,0.999999987681814,2.527710091458838
20140404,Tr,SoE,39716,0.9514333124254986,31461.560111709856,0.02861644995747084,1.0919971069504545e-28,7.283999978439543,0.11266892861525621,-0.003358592242435182,-0.012244461153718172,0.9999968866309759,1.139058615209254
20140407,P,Exp,11641,0.5558656183390156,18167.673073389706,0.12826284058523707,2.0403273166437086e-167,67.83691403307867,0.024347322917941613,0.05968626881319905,0.041224591036752564,0.9999999508386309,4.372952022316971
20140407,P,SoE,11641,0.9310997957971978,23888.125221249134,0.1317847133089285,9.503108476382115e-177,42.561103274745925,-0.15036339781708113,-0.0470159742303928,0.00701776445914093,0.9999705136987799,1.544761442188036
20140407,Tr,Exp,29994,0.44696155440270935,-1072.244427691734,0.14779823149175678,0.0,243.74603352478118,0.20023437567625368,0.10711573422016853,0.10330681967298608,0.9999299327266179,4.210838259145763
20140407,Tr,SoE,29994,0.9426989629508551,17302.40656758873,0.0462226619892695,3.9775874647675255e-56,12.36245769202381,0.12038371848262204,-0.009941361333048935,-0.014391078020969308,0.9999331779392523,1.2836642727469245
20140408,P,Exp,9592,0.5442443779883281,12898.325256378917,0.11267655193960702,1.5611217678088317e-106,44.80644682002718,-0.0023514594579283343,0.02678052876013808,0.055140631241681705,1.0000002639838212,3.824661472589275
20140408,P,SoE,9592,0.9181946819846942,16706.034253675178,0.13470450143556595,2.9654470184006672e-152,39.13379986865331,-0.19759114882265905,-0.042478192857680785,0.01010694337300259,1.000005242943341,1.4246943536042005
20140408,Tr,Exp,31001,0.2913087282332051,1308.9375006781702,0.24658852074659077,0.0,583.4046840331732,0.2599081978961613,0.13971312011064918,0.12316731721796674,0.9999933796522775,7.124125160402083
20140408,Tr,SoE,31001,0.9566611707764988,19499.532442767966,0.05825330599919443,6.917929849330571e-92,19.91536164115451,0.11559517828039255,-0.014308083440027796,-0.015455638258947137,0.9999998679567327,1.3273975536884213
20140409,P,Exp,9037,0.547631252302473,12340.92615345701,0.13388756745133334,9.806229670597878e-142,54.45473423783438,0.0871416765757578,0.032924074588091524,0.026756975417161485,0.9999998445379872,4.14328571516206
20140409,P,SoE,9037,0.9224475223071715,16726.648591244393,0.1267568725075136,4.940152086343206e-127,30.755085915607843,-0.161116785062001,-0.03869161855649995,0.0022345731364298445,0.9998841710320912,1.4575000098746786
20140409,Tr,Exp,27812,0.5407930558697067,-7809.095877912605,0.18753486403702888,0.0,175.1633719841364,0.22663141302107398,0.08493042917587895,0.09480985907489908,0.9999815591828526,2.473728577399581
20140409,Tr,SoE,27812,0.9240288118033154,10252.254886207422,0.03222452340261239,1.5877864119164015e-25,6.8632349455014845,0.12379584367952431,-0.0006123390855016495,-0.0014611162598783315,0.9999826239574561,1.1604419863541986
20140410,P,Exp,12826,0.5443512120512013,18549.987903100937,0.1214858054632656,2.0149864156496003e-165,68.96854473697138,-0.007015853762735113,0.00277131835264067,0.03543754452516645,0.9999364510269706,3.425281196581722
20140410,P,SoE,12826,0.9102996204152706,24343.836121650347,0.11988457993398233,4.35062393966957e-161,38.43293124476518,-0.19815174960594084,-0.06730013424050153,-0.005919587596930759,0.9999059065954106,1.411618118261482
20140410,Tr,Exp,33721,0.38355123286016113,7781.555887668626,0.15448914954447734,0.0,275.8972083639451,0.22650141622743566,0.14220016009847639,0.123581003388758,1.0000001868970416,3.944591875228538
20140410,Tr,SoE,33721,0.9428318891175822,25392.119297422607,0.029712678392593284,2.687298847434517e-26,8.538400538246144,0.10538651548819425,-0.0005239244152582682,-0.0016695698823511911,1.000023857612595,1.1917306027050492
20140411,P,Exp,14897,0.5680293174085962,27447.863173525835,0.11149477717281642,9.404003974055524e-162,66.66543630909317,-0.00938899708750435,0.05852831760555923,0.04084109754564155,0.9999328032526702,4.074509762225472
20140411,P,SoE,14897,0.9458679905955958,32463.346335303155,0.14631160403439103,8.617834406468413e-279,72.29464808054327,-0.18896300511449687,-0.0590611429595209,-0.010877464600471483,0.9999699119543295,1.4975704245380501
20140411,Tr,Exp,35346,0.31147433310674666,6168.023330550568,0.22266114353725686,0.0,569.5631100870329,0.1920865520135451,0.1564021103137634,0.10944270599537109,1.0000000530093942,7.296449916407135
20140411,Tr,SoE,35346,0.9617085316853429,26801.7093635599,0.04427212863466068,1.2230492758791313e-60,15.08522768679086,0.08458953735704937,-0.015245698008336653,-0.0053460841568129065,0.9999794839861029,1.2310890527423035
20140414,P,Exp,9782,0.583578769075923,17497.620174756055,0.12103908143757292,2.410151692430417e-125,54.451689302865006,0.10425176659040636,0.06568085910611654,0.046485250540887466,0.999999995701927,6.3382526520442175
20140414,P,SoE,9782,0.9483738300948796,22227.041330395165,0.1513262205730901,4.914223077068007e-196,50.09516897427482,-0.15673986664385106,-0.051615707432988815,0.003507644500714619,1.0000007664958384,1.5027850325917151
20140414,Tr,Exp,27933,0.6429862195009594,-3752.180121880516,0.21291099685270387,0.0,237.65313975391598,0.12814739926326701,0.08816011894204623,0.12628957706136043,0.9999597871377854,3.9605815819835652
20140414,Tr,SoE,27933,0.9618576447402543,16408.055147768846,0.056654397221154396,2.261499465055755e-78,16.27727362996782,0.0971698741618964,-0.017658404896645948,-0.0056606450016827405,0.9999579131519423,1.3018571328299193
20140415,P,Exp,13426,0.5985642903212336,27407.80176408164,0.10715580048954909,1.0585704154375831e-134,58.66704797228226,0.0335376992722866,0.05506654005412206,0.032012604426163806,0.9993651929925311,3.725683773652065
20140415,P,SoE,13426,0.9384277064670545,33026.76057198528,0.1347774042676309,3.699129839330009e-213,60.50225245777631,-0.16316195983219997,-0.048703544696991126,0.0035734800872032233,0.9997017530455143,1.4808559902637541
20140415,Tr,Exp,34561,0.3006146259744383,2866.133248304308,0.21561250605671445,0.0,521.3834183641981,0.24230467870317093,0.1484000132293816,0.11649065160364377,0.9999999577049081,5.198132876579955
20140415,Tr,SoE,34561,0.9373373593578097,22690.5625844828,0.03189388691519501,5.608497624464574e-31,9.24693748365339,0.1328223961979129,-0.001556099530536185,-0.013256209291430517,0.999990137001462,1.17231791711499
20140416,P,Exp,13058,0.6006658209968226,26874.111415830463,0.0988680736188775,1.461887888215289e-111,53.462071615348535,0.009363794453023338,0.0378189721422868,0.0666421606734791,0.9998825623568965,4.696735702866231
20140416,P,SoE,13058,0.9415179180626186,31488.71582599436,0.13633466068635752,3.7106605579819454e-212,57.440341371235185,-0.14355973140349165,-0.035514493692040135,0.009088510361543182,0.9998491880769791,1.4975597944837806
20140416,Tr,Exp,27191,0.30487277615320685,-1601.8048489626672,0.21425253448820192,0.0,410.5290067072103,0.22626418037941406,0.18531086970614505,0.18542100063267572,1.0000000009241368,5.898706701954411
20140416,Tr,SoE,27191,0.9539769953900223,14231.774930227974,0.04247335474704206,4.63228896048055e-43,9.21951470582728,0.08887189358418363,-0.024433233371320646,-0.0009822037345288102,0.9999994096354073,1.217650577542692
20140417,P,Exp,10761,0.5770697605533129,18679.628288328502,0.11006108874242526,5.516411248960577e-114,51.79977080031332,0.014486734384119416,0.0829049032540552,0.05194950710446379,0.9994717427836411,3.705061718494982
20140417,P,SoE,10761,0.9280007423011399,23024.08541679923,0.1426158640350269,1.9308771477402402e-191,50.43306171559819,-0.15173511197777106,-0.0348367226462974,0.006826035811082353,0.9995981993004213,1.5153873812495766
20140417,Tr,Exp,27567,0.6594048312830709,-6468.403504231479,0.1927734893517814,0.0,178.29978500813212,0.20166807732898195,0.11912821488225897,0.13170298544972628,0.9999999411550519,2.60504375840892
20140417,Tr,SoE,27567,0.9491120951023763,11324.981386531053,0.05770353652510174,3.149590319819628e-80,19.28350873749737,0.12187893958113434,-0.0037576896672406007,0.002922331785933395,1.0000035595015135,1.2737216682024532
20140422,P,Exp,6784,0.5915037107264784,11496.77998309476,0.09780603005064736,6.112230760352923e-57,27.761556158658383,0.0002409141795899882,0.06340726282525913,0.05269234830774578,0.9986395792969115,3.3175738417516945
20140422,P,SoE,6784,0.9135599092557473,13930.703063030094,0.1594925604645383,3.21776763189362e-151,39.23378271148984,-0.18212830241463662,-0.06366568577889448,0.019195605389713693,0.9994867516759102,1.4917917404215624
20140422,Tr,Exp,27892,0.7107704458875486,-10184.462096814434,0.17391811518877573,0.0,167.45524654809876,0.15572220222853328,0.07630372497834141,0.10912737033270174,0.9999999656930205,2.539901830600828
20140422,Tr,SoE,27892,0.9465608222255635,6509.675026964782,0.09380666524812076,4.670176327748446e-214,59.87617284943007,0.10248079516265923,0.006417013054263992,-0.010332994330335544,1.0000760436630844,1.4344128122057476
20140423,P,Exp,10413,0.6164103632100876,21807.851255589252,0.10113194358562194,3.6047933452601415e-93,42.08853832838299,0.04009791715163298,0.045234213195222604,0.017570690388478444,0.9999055697312785,4.380979816076931
20140423,P,SoE,10413,0.9448521191962856,26584.73016010895,0.12941210763150812,1.6715908147038123e-152,42.787560832094364,-0.1413310737492299,-0.03610857622601511,-0.003813281176253538,1.000025620024802,1.4791253089439853
20140423,Tr,Exp,30033,0.7017944481135932,-1759.0470177729985,0.20407552277647778,0.0,221.84220629447896,0.08283574245762795,0.03018382884729627,0.056138458867968505,0.9999999996981833,3.669109893151934
20140423,Tr,SoE,30033,0.9621414983555819,19094.703068704668,0.056233730815225313,5.447913885867455e-83,20.743527756406785,0.11583472389843592,-0.00991977493200363,-0.007192234747961359,1.0000077212388545,1.2643282370148117
20140424,P,Exp,14705,0.6032528176077621,30613.808011881712,0.10395541205326153,8.119064396858028e-139,63.88561945457538,0.07050671060718555,0.08953993573866156,0.061220318785396514,1.0000000461349312,4.308514943676238
20140424,P,SoE,14705,0.9505970798500518,37219.823731561264,0.13034294706578342,2.768836717997787e-218,60.31155779924895,-0.14248254344408154,-0.03753572657678592,-0.001985065243173915,0.9999285829598825,1.4409930060182479
20140424,Tr,Exp,37290,0.3823884796500509,3993.4823332401356,0.18423950418439472,0.0,436.51849982190294,0.22101570045614768,0.10809591628473215,0.1424022601954495,0.9999748777889448,7.495265037357434
20140424,Tr,SoE,37290,0.964217037283881,29987.2146455893,0.03652502974093974,1.1682411977184585e-43,11.277506867933091,0.1081711445172019,0.003142343117968475,-0.0006486141326303129,0.9999761394209828,1.2138789440766453
20140425,P,Exp,11575,0.6053445968809202,24192.285687031286,0.10796819910008704,5.8421476712732655e-118,50.23022054448816,0.06739061415827559,0.06409321134823516,0.06225225884571659,0.999771479947294,3.5910304425737896
20140425,P,SoE,11575,0.9342022537154671,28700.81610963703,0.13922605695785728,3.40339683584634e-196,56.10467323024054,-0.14588452878951877,-0.04472373249492326,-0.00844184863208746,0.9999319031712475,1.5692156816679754
20140425,Tr,Exp,29375,0.6643323429335054,-4413.712912882256,0.2038631847367353,0.0,213.2332266891167,0.1325629995911062,0.08635645720902568,0.06660149981776596,0.9999999400851545,2.8137337253629813
20140425,Tr,SoE,29375,0.9465228929073463,15669.768321999429,0.06103673442798452,1.413353760199268e-95,21.256549980440408,0.09529396821390003,0.0010824723428902088,0.00016039067390564445,0.999995309841683,1.3216089682832985
20140428,P,Exp,8598,0.5776287679640135,14512.461520760311,0.10963505225951264,1.8384155411226944e-90,38.80453844170107,0.020892479265512034,0.04810580156817336,0.04286985653489721,0.9999242412205045,2.8626545025844177
20140428,P,SoE,8598,0.9080344462579543,17862.759067991065,0.1461850452394306,7.971311464934742e-161,42.71528749746826,-0.15224316447199113,-0.039163552042169626,0.011324514922312422,0.9999045026648725,1.4348546863372402
20140428,Tr,Exp,19763,0.353514784464738,-1034.0729105249047,0.15284967797677296,0.0,147.5127791604295,0.16444982863019256,0.082056945383581,0.09224678826014386,1.0000000635837907,3.9380532102318444
20140428,Tr,SoE,19763,0.9410521852020743,8750.925301163672,0.024837996917784627,5.03962087458638e-11,2.7613345132979363,0.11642503081643693,0.008932002044687283,-0.00875490035805639,0.9999966697770115,1.1645974278115474
20140429,P,Exp,14609,0.6155024575951255,32064.543824695007,0.1080355736094274,6.036921412773506e-149,59.662199545217874,0.07126258538812884,0.05844560217006128,0.027318211298681797,0.9996387507559247,6.280678439925648
20140429,P,SoE,14609,0.9502720219728914,38265.42835694982,0.12776017434391496,2.439718819214377e-208,60.44712541226877,-0.13538661393133428,-0.04376817233699976,-0.02107737352065546,0.9998752328233377,1.5434785984072519
20140429,Tr,Exp,32624,0.5084250056927679,1997.1131089609662,0.17126636155872765,0.0,235.19286436243047,0.17574440265258245,0.13918688283370356,0.10658996425264605,1.0000000388521653,4.724497896161013
20140429,Tr,SoE,32624,0.9665867628715267,22816.113236569498,0.023560238202133377,3.6561195225312537e-16,5.320353614502314,0.11089053604067405,0.003374353736955,-0.005698461356401203,1.0000003696605833,1.1809660028270874
20140430,P,Exp,16854,0.5908287429435187,34340.51983364498,0.11551711221890437,2.1784929537696106e-196,84.46573767469313,0.0871038734575836,0.04704153860692698,0.07452701407725858,1.000000185632955,5.550110820877972
20140430,P,SoE,16854,0.9528498815335286,43175.93830660787,0.12401075446576193,2.2952113211014224e-226,60.65245032696534,-0.14007785371238088,-0.03624486730259416,0.006827730594755067,1.000003685073058,1.4923337037306084
20140430,Tr,Exp,35489,0.5130257692360147,7504.187067621693,0.17030640209352993,0.0,230.5240347111799,0.19679331021706323,0.11050551199986142,0.10474615316683293,0.999975856638997,2.84177601933871
20140430,Tr,SoE,35489,0.9349142215404256,28707.287179349914,0.023159494595047098,5.739863916030833e-17,4.414660976908998,0.10370546508194312,0.0028499562191976768,-0.00026931581067590705,1.0000069989671017,1.1452097454507053
