grid,K,beta_min,beta_max,day,proc,n,loglik,success,mass_lt_1ms,mass_1ms_100ms,mass_0p1_10s,mass_gt_10s
K5_1e-2_1e4,5,0.01,10000.0,20140401,P,0.9264646485455592,12758.709583866324,True,0.0017742037899933,0.5651953115255598,0.2347862026529683,0.1247089305770376
K5_1e-2_1e4,5,0.01,10000.0,20140401,Tr,0.9619621145053492,7223.0704692230065,True,0.0009219178679314,0.3041137851504646,0.3679391413441368,0.2889872701428164
K5_1e-2_1e4,5,0.01,10000.0,20140402,P,0.9289008594978478,16645.022040115025,True,0.0019074574636692,0.5794010326671051,0.2261814040014382,0.1214109653656351
K5_1e-2_1e4,5,0.01,10000.0,20140402,Tr,0.9410948429183448,11974.272532861423,True,0.0008778593062846,0.2888261912152071,0.4278598927998117,0.2235308995970413
K5_1e-2_1e4,5,0.01,10000.0,20140403,P,0.969162640452616,33414.05937177812,True,0.0018018555462482,0.5891495258292876,0.2449273368747971,0.133283922202283
K5_1e-2_1e4,5,0.01,10000.0,20140403,Tr,0.9645534439081656,19744.76609252715,True,0.0007821348863369,0.2357172804270081,0.5569800531335196,0.1710739754613009
K5_1e-2_1e4,5,0.01,10000.0,20140404,P,0.9499531098981993,30554.96153967261,True,0.0018546994935235,0.5835834015534558,0.2263636938066109,0.1381513150446089
K5_1e-2_1e4,5,0.01,10000.0,20140404,Tr,0.9531098572840268,27195.71655758826,True,0.0008856577456954,0.2758513094486896,0.4826451458647268,0.1937277442249149
K5_1e-2_1e4,5,0.01,10000.0,20140407,P,0.9328584616867076,20187.151534965134,True,0.0017364630916866,0.5746957886305375,0.2501946691118651,0.1062315408526183
K5_1e-2_1e4,5,0.01,10000.0,20140407,Tr,0.9440366259792744,14810.816512962636,True,0.037174579164622,0.2452908098596133,0.4697356299699871,0.1918356069850519
K5_1e-2_1e4,5,0.01,10000.0,20140408,P,0.9218148844913256,13572.037221314991,True,0.0018650635477305,0.5623959952202113,0.2158907469810987,0.1416630787422848
K5_1e-2_1e4,5,0.01,10000.0,20140408,Tr,0.95742020200675,15498.148019019944,True,0.0009029754113414,0.2949260561780424,0.4809368173659899,0.180654353051376
K5_1e-2_1e4,5,0.01,10000.0,20140409,P,0.9259873624170688,13851.16063305298,True,0.0018074049943581,0.5678586094432279,0.2450292650942858,0.1112920828851968
K5_1e-2_1e4,5,0.01,10000.0,20140409,Tr,0.9262285955455484,7395.387435456287,True,0.0008264024991261,0.2675943618122322,0.4713605162371699,0.1864473149970199
K5_1e-2_1e4,5,0.01,10000.0,20140410,P,0.912445179058204,20397.40064343841,True,0.0018033048501605,0.5639777666001597,0.245341964787297,0.1013221428205866
K5_1e-2_1e4,5,0.01,10000.0,20140410,Tr,0.9443956732291144,21592.601054688024,True,0.0009805850081157,0.3267320988522265,0.4005966552431,0.216086334125672
K5_1e-2_1e4,5,0.01,10000.0,20140411,P,0.9472707500024744,27247.26564212666,True,0.00200272286016,0.5888878404479055,0.2122905512370422,0.1440896354573665
K5_1e-2_1e4,5,0.01,10000.0,20140411,Tr,0.9624167088487976,22606.113249369868,True,0.0009378668481217,0.3107053948515961,0.4520002195479587,0.1987732276011209
K5_1e-2_1e4,5,0.01,10000.0,20140414,P,0.950202367721067,18679.39296695124,True,0.0017554811333798,0.6008767867095363,0.2252601733763164,0.1223099265018344
K5_1e-2_1e4,5,0.01,10000.0,20140414,Tr,0.963560083680972,13608.26271390371,True,0.000837206816018,0.2924911366652339,0.5012244790962599,0.1690072611034603
K5_1e-2_1e4,5,0.01,10000.0,20140415,P,0.9400569273759344,28200.4744262584,True,0.0025481544388518,0.6127387949356041,0.2146361692985706,0.1101338087029078
K5_1e-2_1e4,5,0.01,10000.0,20140415,Tr,0.9396974256486084,18914.047702797685,True,0.000926373533937,0.296337332403134,0.4656189515265357,0.1768147681850018
K5_1e-2_1e4,5,0.01,10000.0,20140416,P,0.9435693900934016,26664.16146797009,True,0.0018443602698164,0.616844273085241,0.202816305946131,0.1220644507922129
K5_1e-2_1e4,5,0.01,10000.0,20140416,Tr,0.9552680972023306,11213.92579088487,True,0.0008582091028697,0.3027235294912211,0.4335840025380858,0.2181023560701538
K5_1e-2_1e4,5,0.01,10000.0,20140417,P,0.9298969901608388,19305.72600575142,True,0.0024098755603503,0.5941907319677735,0.2184533135536843,0.1148430690790305
K5_1e-2_1e4,5,0.01,10000.0,20140417,Tr,0.9523415142143632,8505.915170864639,True,0.0008065744390569,0.2573925507465525,0.5186372239441862,0.1755051650845676
K5_1e-2_1e4,5,0.01,10000.0,20140422,P,0.917166503559896,11433.366732554949,True,0.0025793718177797,0.606014003687153,0.1904895840256082,0.1180835440293548
K5_1e-2_1e4,5,0.01,10000.0,20140422,Tr,0.9513095794455776,3861.0039449058895,True,0.0006654061509046,0.2183041250573878,0.6095749455049778,0.1227651027323074
K5_1e-2_1e4,5,0.01,10000.0,20140423,P,0.946196040440232,22916.380017211683,True,0.0021553826935402,0.6305929315667466,0.2017704673855563,0.1116772587943889
K5_1e-2_1e4,5,0.01,10000.0,20140423,Tr,0.9645611542254634,16134.106031466054,True,0.0008688081879446,0.2727699745104471,0.5166636623685944,0.1742587091584771
K5_1e-2_1e4,5,0.01,10000.0,20140424,P,0.9523007877117732,32154.37357947848,True,0.0019579765672224,0.6193242983665648,0.2140031669029446,0.1170153458750412
K5_1e-2_1e4,5,0.01,10000.0,20140424,Tr,0.9664685464149618,26446.62068258408,True,0.0009366540967287,0.2910708727692396,0.4569837557231805,0.2174772638258129
K5_1e-2_1e4,5,0.01,10000.0,20140425,P,0.9359659232484666,24469.477218046864,True,0.0023602753706949,0.6218066312204379,0.2069103910092785,0.1048886256480552
K5_1e-2_1e4,5,0.01,10000.0,20140425,Tr,0.949632423667732,12512.231437882789,True,0.0008315439760466,0.2712234040564911,0.5131691993905065,0.1644082762446878
K5_1e-2_1e4,5,0.01,10000.0,20140428,P,0.9108087106609604,14735.327316296763,True,0.0019066180620949,0.5958828009004135,0.2095842099370858,0.103435081761366
K5_1e-2_1e4,5,0.01,10000.0,20140428,Tr,0.9421313676106748,6637.276430446567,True,0.0009701097695705,0.3384834573821887,0.3010469416029798,0.3016308588559356
K5_1e-2_1e4,5,0.01,10000.0,20140429,P,0.9517653376700682,33180.40596144583,True,0.0018147637515166,0.6314109104688628,0.2140012934370347,0.104538370012654
K5_1e-2_1e4,5,0.01,10000.0,20140429,Tr,0.9674731974234604,19513.85955691174,True,0.0009686485201273,0.2918043055953397,0.4301533897061816,0.2445468536018117
K5_1e-2_1e4,5,0.01,10000.0,20140430,P,0.9546713208433856,37718.33571725931,True,0.0022128513737308,0.6053354763580212,0.2261705896498392,0.1209524034617943
K5_1e-2_1e4,5,0.01,10000.0,20140430,Tr,0.937678377620374,25223.473445546144,True,0.0009140725956999,0.3085964216308939,0.4145836803644803,0.2135842030292996
K7_1e-2_1e4,7,0.01,10000.0,20140401,P,0.9239409674435334,15554.340700000026,True,0.007166470726576,0.5489698427298285,0.1873993905958947,0.180405263391234
K7_1e-2_1e4,7,0.01,10000.0,20140401,Tr,0.9617454197063716,10128.56999668284,True,0.0044984812422211,0.2859457644781841,0.301678298138929,0.3696228758470373
K7_1e-2_1e4,7,0.01,10000.0,20140402,P,0.9276721318154756,19942.080606634485,True,0.0088411922867676,0.5605660138429749,0.1836340175284851,0.174630908157248
K7_1e-2_1e4,7,0.01,10000.0,20140402,Tr,0.9391426800604218,15208.793347079074,True,0.0038493912843173,0.2696117872776662,0.3457779329958786,0.3199035685025594
K7_1e-2_1e4,7,0.01,10000.0,20140403,P,0.968560058145542,38338.55079961389,True,0.0090921530670401,0.5654665079226432,0.208839793281866,0.1851616038739927
K7_1e-2_1e4,7,0.01,10000.0,20140403,Tr,0.9632685390930912,23864.66621388068,True,0.0113387118152621,0.2069476122980142,0.4759372531964724,0.2690449617833422
K7_1e-2_1e4,7,0.01,10000.0,20140404,P,0.9486663004027988,35337.91634444757,True,0.0092464626414653,0.5591728393692124,0.1881351888975887,0.1921118094945323
K7_1e-2_1e4,7,0.01,10000.0,20140404,Tr,0.9514333124254986,31461.560111709856,True,0.0038293940429447,0.254370333454644,0.385257651986656,0.3079759329412537
K7_1e-2_1e4,7,0.01,10000.0,20140407,P,0.9310997957971978,23888.12522124913,True,0.009460390887616,0.5546578600039368,0.2122435717126723,0.1547379731929725
K7_1e-2_1e4,7,0.01,10000.0,20140407,Tr,0.9426989629508552,17302.40656758873,True,0.0037296070942774,0.2601628484058457,0.4015117507549284,0.2772947566958035
K7_1e-2_1e4,7,0.01,10000.0,20140408,P,0.9181946819846942,16706.034253675178,True,0.0077128908809212,0.5438896348277221,0.1674655856204745,0.1991265706555763
K7_1e-2_1e4,7,0.01,10000.0,20140408,Tr,0.9566611707764988,19499.53244276797,True,0.004045075225971,0.2772504011162596,0.405769886821836,0.2695958076124324
K7_1e-2_1e4,7,0.01,10000.0,20140409,P,0.9224475223071716,16726.648591244393,True,0.0125892110985601,0.5491989496889961,0.1863144869426304,0.1743448745769849
K7_1e-2_1e4,7,0.01,10000.0,20140409,Tr,0.9240288118033154,10252.254886207422,True,0.003679196202482,0.2501315792233166,0.3797827322694864,0.2904353041080304
K7_1e-2_1e4,7,0.01,10000.0,20140410,P,0.9102996204152706,24343.836121650347,True,0.0391579269292775,0.518124455557573,0.2013572857282884,0.1516599522001316
K7_1e-2_1e4,7,0.01,10000.0,20140410,Tr,0.9428318891175822,25392.119297422607,True,0.0041333703215504,0.3156584300856402,0.3288319998722625,0.2942080888381289
K7_1e-2_1e4,7,0.01,10000.0,20140411,P,0.9458679905955958,32463.346335303155,True,0.0103701539740256,0.5686398983313805,0.1775547277836292,0.1893032105065604
K7_1e-2_1e4,7,0.01,10000.0,20140411,Tr,0.9617085316853428,26801.7093635599,True,0.0027041692305034,0.2958116212957733,0.3740920283159618,0.2891007128431042
K7_1e-2_1e4,7,0.01,10000.0,20140414,P,0.9483738300948796,22227.041330395165,True,0.0090466553141176,0.5764570520383089,0.1853508307488325,0.1775192919936205
K7_1e-2_1e4,7,0.01,10000.0,20140414,Tr,0.9618576447402544,16408.055147768846,True,0.0035711529690729,0.2800183572035926,0.3999030273792949,0.2783651071882937
K7_1e-2_1e4,7,0.01,10000.0,20140415,P,0.9384277064670544,33026.76057198528,True,0.0089567669097167,0.5868204549450081,0.1907326671224555,0.151917817489874
K7_1e-2_1e4,7,0.01,10000.0,20140415,Tr,0.9373373593578096,22690.5625844828,True,0.0039090397629539,0.2793490988971712,0.3606606203475975,0.2934186003500871
K7_1e-2_1e4,7,0.01,10000.0,20140416,P,0.9415179180626186,31488.71582599436,True,0.0247978002201348,0.5717882469129828,0.1744365902079404,0.1704952807215606
K7_1e-2_1e4,7,0.01,10000.0,20140416,Tr,0.9539769953900225,14231.774930227974,True,0.0038952838025901,0.2845409618872996,0.3392154141503252,0.3263253355498074
K7_1e-2_1e4,7,0.01,10000.0,20140417,P,0.92800074230114,23024.08541679923,True,0.0079957076076967,0.5645988763071955,0.1867607985931029,0.1686453597931448
K7_1e-2_1e4,7,0.01,10000.0,20140417,Tr,0.9491120951023764,11324.981386531052,True,0.0037447469529414,0.2397554776833718,0.421012652522417,0.2845992179436459
K7_1e-2_1e4,7,0.01,10000.0,20140422,P,0.9135599092557471,13930.703063030094,True,0.0081019290265736,0.5862273951388759,0.1482629550897968,0.1709676300005009
K7_1e-2_1e4,7,0.01,10000.0,20140422,Tr,0.9465608222255636,6509.675026964782,True,0.0028871232808005,0.2058513158889744,0.4611640412840146,0.2766583417717739
K7_1e-2_1e4,7,0.01,10000.0,20140423,P,0.9448521191962856,26584.73016010895,True,0.0081413565529709,0.6119426920420635,0.1671842183401677,0.1575838522610834
K7_1e-2_1e4,7,0.01,10000.0,20140423,Tr,0.962141498355582,19094.703068704668,True,0.0043509795560069,0.2566203813968843,0.4029048796829365,0.298265257719754
K7_1e-2_1e4,7,0.01,10000.0,20140424,P,0.9505970798500518,37219.823731561264,True,0.0102317315440937,0.5969809060619448,0.1774086206175437,0.1659758216264696
K7_1e-2_1e4,7,0.01,10000.0,20140424,Tr,0.964217037283881,29987.2146455893,True,0.0040664263837249,0.2740332459985289,0.3500492937025843,0.3360680711990427
K7_1e-2_1e4,7,0.01,10000.0,20140425,P,0.9342022537154672,28700.81610963703,True,0.0084829694412882,0.6017950247644129,0.17449727669303,0.1494269828167356
K7_1e-2_1e4,7,0.01,10000.0,20140425,Tr,0.9465228929073464,15669.768321999429,True,0.0036914304794693,0.2522078383910933,0.405043643634644,0.2855799804021396
K7_1e-2_1e4,7,0.01,10000.0,20140428,P,0.9080344462579544,17862.759067991065,True,0.0096364645104249,0.5772552890641536,0.165271105020543,0.1558715876628327
K7_1e-2_1e4,7,0.01,10000.0,20140428,Tr,0.9410521852020745,8750.925301163672,True,0.0042223777884691,0.3277717706410379,0.2508383882889773,0.3582196484835899
K7_1e-2_1e4,7,0.01,10000.0,20140429,P,0.9502720219728914,38265.42835694982,True,0.010379755149732,0.6100407810515124,0.1861164597933186,0.1437350259783282
K7_1e-2_1e4,7,0.01,10000.0,20140429,Tr,0.9665867628715268,22816.113236569498,True,0.0046283516599711,0.2678707574915365,0.3816231753122016,0.3124644784078174
K7_1e-2_1e4,7,0.01,10000.0,20140430,P,0.9528498815335286,43175.93830660787,True,0.0086399347341575,0.5775738705658052,0.1972257578430811,0.1694103183904847
K7_1e-2_1e4,7,0.01,10000.0,20140430,Tr,0.9349142215404256,28707.287179349914,True,0.0040635957111994,0.2882642098995404,0.3407501687105895,0.3018362472190962
K9_1e-2_1e4,9,0.01,10000.0,20140401,P,0.925833457352494,16212.253034329851,True,0.520091419938796,0.0595109567576743,0.2095941515304635,0.1366369291255601
K9_1e-2_1e4,9,0.01,10000.0,20140401,Tr,0.961442601764002,10350.273057367913,True,0.2512111802683916,0.0576949022346665,0.3436552174124586,0.3088813018484852
K9_1e-2_1e4,9,0.01,10000.0,20140402,P,0.9284596554129984,20679.592638363683,True,0.5373782800288026,0.0546885396986088,0.2019160233768603,0.1344768123087267
K9_1e-2_1e4,9,0.01,10000.0,20140402,Tr,0.9394697768831152,15437.778173814451,True,0.2301669925720535,0.0617646121740278,0.3811700237218247,0.266368148415209
K9_1e-2_1e4,9,0.01,10000.0,20140403,P,0.9692133055425436,39376.53370273742,True,0.5463374915162863,0.0537041253454421,0.2209237192150279,0.1482479694657872
K9_1e-2_1e4,9,0.01,10000.0,20140403,Tr,0.9631774379897308,24245.70609641392,True,0.1888920674041374,0.0314046295671844,0.5243429940090669,0.2185377470093421
K9_1e-2_1e4,9,0.01,10000.0,20140404,P,0.950366406953274,32088.993409890863,True,0.0748765008671274,0.5127649063810501,0.2060558608199297,0.1566691388851668
K9_1e-2_1e4,9,0.01,10000.0,20140404,Tr,0.9511640543618304,31883.21818270372,True,0.2195418644445136,0.0593569472883941,0.4143452454008995,0.2579199972280231
K9_1e-2_1e4,9,0.01,10000.0,20140407,P,0.9333170310735776,24820.40590248836,True,0.5302035708765575,0.0626689067555939,0.2270197620703753,0.1134247913710508
K9_1e-2_1e4,9,0.01,10000.0,20140407,Tr,0.943215274745449,17421.582683937126,True,0.2213065465475755,0.0430519334708014,0.4543280768373155,0.2245287178897564
K9_1e-2_1e4,9,0.01,10000.0,20140408,P,0.9213322519330736,17468.372250165223,True,0.5226751285155661,0.0550282845851495,0.1942180788527352,0.1494107599796228
K9_1e-2_1e4,9,0.01,10000.0,20140408,Tr,0.9575758715595282,19826.13822780926,True,0.2397163747909274,0.0393941406713786,0.4674765568227431,0.210988799274479
K9_1e-2_1e4,9,0.01,10000.0,20140409,P,0.922473996071191,17381.04146426308,True,0.5233276242251075,0.0632166461721199,0.2025897013173292,0.1333400243566344
K9_1e-2_1e4,9,0.01,10000.0,20140409,Tr,0.9267225396584234,10479.21459961898,True,0.2084875581310315,0.0569845742580675,0.4408944986146726,0.2203559086546518
K9_1e-2_1e4,9,0.01,10000.0,20140410,P,0.91306404339471,25286.6930198756,True,0.5144242158183424,0.0738204615811073,0.2160464023472855,0.1087729636479748
K9_1e-2_1e4,9,0.01,10000.0,20140410,Tr,0.9426189012298704,25546.5771777166,True,0.239332530788827,0.0661881754320933,0.3978507543309027,0.2392474406780472
K9_1e-2_1e4,9,0.01,10000.0,20140411,P,0.9469643257857328,33844.04487328777,True,0.5503484888158493,0.0546592766484716,0.1898892410320649,0.1520673192893469
K9_1e-2_1e4,9,0.01,10000.0,20140411,Tr,0.9620575326298384,23960.632373596185,True,0.030904869882415,0.2831153948339085,0.4098770802662851,0.2381601876472299
K9_1e-2_1e4,9,0.01,10000.0,20140414,P,0.9488143699860884,23123.231211145263,True,0.566103288060358,0.045229444093962,0.1987476813429414,0.138733956488827
K9_1e-2_1e4,9,0.01,10000.0,20140414,Tr,0.9622834844698784,16483.107079333604,True,0.2100909868458125,0.0659777223655861,0.4859500706395174,0.2002647046189624
K9_1e-2_1e4,9,0.01,10000.0,20140415,P,0.9394998644867208,34240.46472025307,True,0.5785501927746965,0.041530077313368,0.2018691670497745,0.1175504273488817
K9_1e-2_1e4,9,0.01,10000.0,20140415,Tr,0.9375150246254248,22980.466818539528,True,0.2285652610307939,0.0721407385894952,0.4157838454763169,0.2210251795288187
K9_1e-2_1e4,9,0.01,10000.0,20140416,P,0.9424251716843914,32657.796657482075,True,0.5832545512211373,0.0425929077512367,0.1838055949476311,0.1327721177643861
K9_1e-2_1e4,9,0.01,10000.0,20140416,Tr,0.954604268210658,14286.690751206135,True,0.22829776974217,0.0585632319257124,0.4179373615518702,0.2498059049909053
K9_1e-2_1e4,9,0.01,10000.0,20140417,P,0.9307234848070652,20223.56506690256,True,0.0595125266292118,0.5379422022811418,0.213236015995293,0.1200327399014186
K9_1e-2_1e4,9,0.01,10000.0,20140417,Tr,0.9481325462031716,11493.207511276334,True,0.1940314352279012,0.0496864523121026,0.4671170249084821,0.2372976337546855
K9_1e-2_1e4,9,0.01,10000.0,20140422,P,0.9166177910497711,14570.554921528645,True,0.5744080561386753,0.0413062683750636,0.1787893602850205,0.1221141062510118
K9_1e-2_1e4,9,0.01,10000.0,20140422,Tr,0.946215435534746,6716.290461232402,True,0.1735358487084642,0.0485829985311988,0.5498463690669352,0.1742502192281478
K9_1e-2_1e4,9,0.01,10000.0,20140423,P,0.9452506943504508,27393.92578053464,True,0.5907803730191575,0.0530138193121161,0.1775022238081654,0.1239542782110116
K9_1e-2_1e4,9,0.01,10000.0,20140423,Tr,0.9615557645233064,19220.88546844355,True,0.1968885788609564,0.0611034960820201,0.4629871949834655,0.2405764945968642
K9_1e-2_1e4,9,0.01,10000.0,20140424,P,0.9515099233270724,38403.84530548813,True,0.5766421163431046,0.0555065852199526,0.1932312262907523,0.1261299954732628
K9_1e-2_1e4,9,0.01,10000.0,20140424,Tr,0.9640993073229494,30189.638041760445,True,0.2066737136640838,0.0670486551772523,0.4224343118628558,0.2679426266187572
K9_1e-2_1e4,9,0.01,10000.0,20140425,P,0.936443817430932,29780.341459267715,True,0.5873883341054688,0.0433806455121407,0.1957601787212808,0.1099146590920418
K9_1e-2_1e4,9,0.01,10000.0,20140425,Tr,0.9459208086010796,15936.606308254612,True,0.2104826533457544,0.0576589734185431,0.4464887451372003,0.2312904366995818
K9_1e-2_1e4,9,0.01,10000.0,20140428,P,0.909393126996656,18726.71320250058,True,0.5614130044852167,0.0492730152593028,0.1853114587274683,0.1133956485246683
K9_1e-2_1e4,9,0.01,10000.0,20140428,Tr,0.9428214804591094,8804.009130456223,True,0.242888914291583,0.1034772592326149,0.2811987222193458,0.3152565847155656
K9_1e-2_1e4,9,0.01,10000.0,20140429,P,0.9503162754214652,39376.648736166666,True,0.5770847963893371,0.0784301642223645,0.183460023487777,0.1113412913219867
K9_1e-2_1e4,9,0.01,10000.0,20140429,Tr,0.9669593310980834,20608.31647141979,True,0.0290372537930365,0.2666118814523163,0.3960915713313448,0.2752186245213857
K9_1e-2_1e4,9,0.01,10000.0,20140430,P,0.953232675066827,44421.8098016899,True,0.5618099015247799,0.0476499962467491,0.2110023741585389,0.132770403136759
K9_1e-2_1e4,9,0.01,10000.0,20140430,Tr,0.9344959894974232,28799.350342052632,True,0.2164164372550512,0.0751750144901277,0.3819003382436471,0.2610041995085971
K11_1e-2_1e4,11,0.01,10000.0,20140401,P,0.9256103503634268,16295.436346960223,True,0.482020959494478,0.1098578376634077,0.2111719505226134,0.1225596026829277
K11_1e-2_1e4,11,0.01,10000.0,20140401,Tr,0.9684813884588586,10275.870324057649,True,0.1712360616522699,0.1309193954352919,0.373056057660975,0.2932698737103217
K11_1e-2_1e4,11,0.01,10000.0,20140402,P,0.9300605031737532,20663.045959734063,True,0.4833676255974339,0.1199995330711886,0.2040502240585525,0.1226431204465781
K11_1e-2_1e4,11,0.01,10000.0,20140402,Tr,0.939661085246367,15364.918387759564,True,0.1577429368517555,0.1242438101868439,0.4363750163570624,0.2212993218507051
K11_1e-2_1e4,11,0.01,10000.0,20140403,P,0.9689005018000908,39296.67954053052,True,0.4949155555370754,0.1117663925129579,0.2265160875064354,0.135702466243622
K11_1e-2_1e4,11,0.01,10000.0,20140403,Tr,0.9626546382889288,24234.753521344333,True,0.1389578851171831,0.1102848162350988,0.5253163694039532,0.1880955675326935
K11_1e-2_1e4,11,0.01,10000.0,20140404,P,0.9501704836047158,34493.14889803288,True,0.0797683765305326,0.5244579872680117,0.2120586116454513,0.1338855081607201
K11_1e-2_1e4,11,0.01,10000.0,20140404,Tr,0.9510464241353906,31799.8610757634,True,0.1570438813221104,0.112740776348849,0.4608727309593826,0.2203890355050486
K11_1e-2_1e4,11,0.01,10000.0,20140407,P,0.9314772650617896,24842.1205620486,True,0.4922952810758096,0.1161309628907346,0.2137863433172993,0.1092646777779459
K11_1e-2_1e4,11,0.01,10000.0,20140407,Tr,0.942997849712222,17396.82506448947,True,0.151004288762486,0.1503649323977155,0.4409236935529241,0.2007049349990962
K11_1e-2_1e4,11,0.01,10000.0,20140408,P,0.9208860699733716,17488.607993179015,True,0.4851593029594696,0.1091209171892783,0.1934951561177905,0.1331106937068331
K11_1e-2_1e4,11,0.01,10000.0,20140408,Tr,0.9570286698969164,19803.77975976941,True,0.1776385984094028,0.138954083072851,0.4394797009360833,0.2009562874785791
K11_1e-2_1e4,11,0.01,10000.0,20140409,P,0.9222653932379434,17384.442127399096,True,0.4798659378641589,0.1199669898591767,0.2015665773583687,0.120865888156239
K11_1e-2_1e4,11,0.01,10000.0,20140409,Tr,0.9181826464096176,4053.2249627230663,True,0.00229424342267,0.3373704222150724,0.3938524559316908,0.1846655248401843
K11_1e-2_1e4,11,0.01,10000.0,20140410,P,0.912415011057018,23949.43046349306,True,0.2364540714764256,0.3430383584211759,0.226911100378059,0.1060114807813574
K11_1e-2_1e4,11,0.01,10000.0,20140410,Tr,0.9434354835452066,25623.53494371792,True,0.169743228694306,0.1926047032636989,0.3595510542157485,0.2215364973714531
K11_1e-2_1e4,11,0.01,10000.0,20140411,P,0.9466917524734207,33945.82160197677,True,0.5246669916174397,0.0977933094709399,0.1749728728006298,0.1492585785844111
K11_1e-2_1e4,11,0.01,10000.0,20140411,Tr,0.9619501877664808,27094.61474920848,True,0.1737387831612813,0.1611893574945976,0.4193535495908028,0.2076684975197991
K11_1e-2_1e4,11,0.01,10000.0,20140414,P,0.9535877124947456,21867.3430206601,True,0.1376837125736234,0.4299351166100572,0.2676946120003902,0.1182742713106746
K11_1e-2_1e4,11,0.01,10000.0,20140414,Tr,0.9616916912423455,16493.12197254057,True,0.1377201558395799,0.1779265531295164,0.4732772779332503,0.1727677043399989
K11_1e-2_1e4,11,0.01,10000.0,20140415,P,0.937205679369902,34183.63995973765,True,0.5403910736215852,0.0909476585540084,0.1939928767641226,0.1118740704301857
K11_1e-2_1e4,11,0.01,10000.0,20140415,Tr,0.9381101402531762,22971.713047788617,True,0.1623751713399275,0.1506859854332143,0.4507991937427806,0.1742497897372536
K11_1e-2_1e4,11,0.01,10000.0,20140416,P,0.9426225438730672,32623.39052588189,True,0.5518124591821948,0.0857907505842119,0.1732411451615374,0.131778188945123
K11_1e-2_1e4,11,0.01,10000.0,20140416,Tr,0.9544076528676978,14292.103333462808,True,0.1499091266648372,0.157781019783725,0.4327252966609706,0.2139922097581648
K11_1e-2_1e4,11,0.01,10000.0,20140417,P,0.9299085859602318,23964.45758283532,True,0.5225570821361148,0.093875878011929,0.1993573711275862,0.1141182546846016
K11_1e-2_1e4,11,0.01,10000.0,20140417,Tr,0.9468883166093512,11518.323749105772,True,0.1327247823888776,0.1278774254501481,0.5096341742891927,0.1766519344811326
K11_1e-2_1e4,11,0.01,10000.0,20140422,P,0.9159595050995556,14621.910801119957,True,0.5453890809326399,0.0761340766104759,0.1807008257711292,0.1137355217853104
K11_1e-2_1e4,11,0.01,10000.0,20140422,Tr,0.9466602164012085,6711.082743648272,True,0.1161343981093363,0.1005345414524662,0.6026741362167283,0.1273171406226774
K11_1e-2_1e4,11,0.01,10000.0,20140423,P,0.945747099051374,21866.87749295168,True,0.010021255118343,0.6473758332081861,0.1788752579535188,0.109474752771326
K11_1e-2_1e4,11,0.01,10000.0,20140423,Tr,0.9622665384705632,19244.062435031745,True,0.1330047430810973,0.1340809445750969,0.515491018775641,0.1796898320387279
K11_1e-2_1e4,11,0.01,10000.0,20140424,P,0.95143003770539,38410.68774010849,True,0.5326673282832383,0.1126668240401301,0.1932441176770463,0.1128517677049753
K11_1e-2_1e4,11,0.01,10000.0,20140424,Tr,0.9649141935071828,30209.36272871295,True,0.1426061748386065,0.1405981176814942,0.4680494598467808,0.2136604411403012
K11_1e-2_1e4,11,0.01,10000.0,20140425,P,0.9355955035522764,29804.963564103586,True,0.5573648134612944,0.089611467670241,0.1847034623359369,0.1039157600848038
K11_1e-2_1e4,11,0.01,10000.0,20140425,Tr,0.946848756531296,15930.271020094398,True,0.1474967166800815,0.1231974398969992,0.5159797612676222,0.160174838686593
K11_1e-2_1e4,11,0.01,10000.0,20140428,P,0.9097146358255374,13872.487311849,True,0.0065862010683119,0.6187545055069555,0.1854002544826349,0.0989736747676349
K11_1e-2_1e4,11,0.01,10000.0,20140428,Tr,0.9418570635686376,8817.977217413467,True,0.1547926397026095,0.2070721752643523,0.2775128616210688,0.302479386980607
K11_1e-2_1e4,11,0.01,10000.0,20140429,P,0.953137017173186,39406.210876040495,True,0.5441237467355229,0.1122349320802666,0.1881215510206095,0.1086567873367868
K11_1e-2_1e4,11,0.01,10000.0,20140429,Tr,0.967180304407104,22546.78199061462,True,0.0498447493698637,0.2270313343802625,0.4339179309929741,0.2563862896640038
K11_1e-2_1e4,11,0.01,10000.0,20140430,P,0.9533527699732276,44281.82172645197,True,0.5037693681583005,0.0702390069623505,0.2607511618916757,0.1185932329609008
K11_1e-2_1e4,11,0.01,10000.0,20140430,Tr,0.9346342315112096,28284.452606630897,True,0.0360253598849851,0.255608323043298,0.4197932689438121,0.2232072796391142
K7_1e-3_1e4,7,0.001,10000.0,20140401,P,0.9593971130862567,14814.398780153679,True,0.007433765956886877,0.5861932545004949,0.21552965222914988,0.15024044039972512
K7_1e-3_1e4,7,0.001,10000.0,20140401,Tr,0.9761609912978907,9451.473903282655,True,0.002803835994455084,0.33545440640184604,0.33354661679407605,0.30435613210751356
K7_1e-3_1e4,7,0.001,10000.0,20140402,P,0.9569839718237526,19062.03827474249,True,0.006737203843551499,0.6010667052383218,0.20414773563242236,0.14503232710945685
K7_1e-3_1e4,7,0.001,10000.0,20140402,Tr,0.9567493421193018,14532.365885463245,True,0.002481034936209037,0.3151780661303131,0.3936107836927908,0.245479457359989
K7_1e-3_1e4,7,0.001,10000.0,20140403,P,0.9822603898111029,25433.177097810574,True,0.0003654569802386914,0.6729018386980585,0.16923428388507383,0.13975881024773185
K7_1e-3_1e4,7,0.001,10000.0,20140403,Tr,0.9770778757289426,14072.18189972233,True,0.00013638685826453364,0.3211443091051741,0.4707947663097506,0.1850024134557533
K7_1e-3_1e4,7,0.001,10000.0,20140404,P,0.9562918242862647,34040.7364320834,True,0.006641704337760488,0.6007636346612826,0.20491539331219322,0.14397109197502844
K7_1e-3_1e4,7,0.001,10000.0,20140404,Tr,0.9572142629839065,30528.952678780064,True,0.002354583098072841,0.2921950079455355,0.4513547197927146,0.2113099521475837
K7_1e-3_1e4,7,0.001,10000.0,20140407,P,0.9627489184079611,22878.97170411631,True,0.006728958837691225,0.6105090918531313,0.21380103634821657,0.1317098313689221
K7_1e-3_1e4,7,0.001,10000.0,20140407,Tr,0.9653975571724228,8746.054116238814,True,0.0001448082567225496,0.3999863226023849,0.3578973180834441,0.2073691082298712
K7_1e-3_1e4,7,0.001,10000.0,20140408,P,0.9605532082080545,8518.767926982913,True,0.0002699495477505269,0.6426311538859271,0.14850071351077243,0.16915139126360446
K7_1e-3_1e4,7,0.001,10000.0,20140408,Tr,0.9723489969805142,18731.117124450087,True,0.0023497676801080766,0.30431349398436647,0.46507460258620525,0.20061113272983444
K7_1e-3_1e4,7,0.001,10000.0,20140409,P,0.9538836878910287,15929.631952558295,True,0.006685779431126295,0.5962737220909236,0.21700829168290572,0.13391589468607323
K7_1e-3_1e4,7,0.001,10000.0,20140409,Tr,0.9501177671843118,9628.439690954689,True,0.002703418082890655,0.29230670275872783,0.4379964416595497,0.21711120468314363
K7_1e-3_1e4,7,0.001,10000.0,20140410,P,0.9449743798646304,23262.85554399379,True,0.00637581111348347,0.6030001729278629,0.2060675321182792,0.12953086370500475
K7_1e-3_1e4,7,0.001,10000.0,20140410,Tr,0.9657227787460971,24576.773612058085,True,0.0027777264347891286,0.3681715766312442,0.35282616607991024,0.24194730960015354
K7_1e-3_1e4,7,0.001,10000.0,20140411,P,0.9697545400563746,19229.81365967451,True,0.0003525086577528609,0.6638618896806278,0.14688026703712548,0.1586598746808685
K7_1e-3_1e4,7,0.001,10000.0,20140411,Tr,0.9800286006325717,14919.070670243615,True,0.00014403944735881326,0.4100279510985794,0.35945328825721856,0.21040332182941487
K7_1e-3_1e4,7,0.001,10000.0,20140414,P,0.973648502367473,21243.91790604211,True,0.004647650180417612,0.6297490603837308,0.19830405097128923,0.14094774083203532
K7_1e-3_1e4,7,0.001,10000.0,20140414,Tr,0.9791038027575365,8066.647071232823,True,0.00012579569093611762,0.38361455374659587,0.42310933846615456,0.17225411485384992
K7_1e-3_1e4,7,0.001,10000.0,20140415,P,0.9586284414128209,31884.19016483106,True,0.11172895108796523,0.5321838012901701,0.18699564294251242,0.12772004609217316
K7_1e-3_1e4,7,0.001,10000.0,20140415,Tr,0.9549128751756072,11902.756024948263,True,0.0001508196894833471,0.38901552625623814,0.38361374718368413,0.18213278204620137
K7_1e-3_1e4,7,0.001,10000.0,20140416,P,0.9672256695960186,30131.87227031018,True,0.00470902947506518,0.6429813080491634,0.17433363035483218,0.14520170171695782
K7_1e-3_1e4,7,0.001,10000.0,20140416,Tr,0.9731376647791208,5503.854895331526,True,0.00014910777781613216,0.40809645630541136,0.3430405303010352,0.221851570394858
K7_1e-3_1e4,7,0.001,10000.0,20140417,P,0.9637037789662635,22004.815560040326,True,0.007348900623423137,0.6210174159364696,0.19157169114982192,0.14376577125654885
K7_1e-3_1e4,7,0.001,10000.0,20140417,Tr,0.9733444034958835,10967.618803241272,True,0.0022343163727063446,0.26463349718935153,0.501419892821488,0.20505669711233757
K7_1e-3_1e4,7,0.001,10000.0,20140422,P,0.9548062615431419,13423.121538411713,True,0.154378138320934,0.4831819463957366,0.16601587094383485,0.15123030588263636
K7_1e-3_1e4,7,0.001,10000.0,20140422,Tr,0.9709673325589392,6178.405837306476,True,0.0017407208664420957,0.20769415752795453,0.6206236992497143,0.14090875491482835
K7_1e-3_1e4,7,0.001,10000.0,20140423,P,0.9712614332585262,25639.208814642832,True,0.007447243890288554,0.6520369795860466,0.17704681707073816,0.13473039271145307
K7_1e-3_1e4,7,0.001,10000.0,20140423,Tr,0.9787616421016231,10618.728046250388,True,0.00012970919411183014,0.3544211352624263,0.4389546003334902,0.18525619731159482
K7_1e-3_1e4,7,0.001,10000.0,20140424,P,0.9667802383472657,35852.5425118368,True,0.00769608183171454,0.6446010686628253,0.186911655377143,0.1275714324755829
K7_1e-3_1e4,7,0.001,10000.0,20140424,Tr,0.9699434132094105,19182.701382946485,True,0.00014303878000962168,0.3912141523044039,0.35724232726587685,0.22134389485912007
K7_1e-3_1e4,7,0.001,10000.0,20140425,P,0.9669993623970782,17906.87022724352,True,0.00038140018765046114,0.7004010752251045,0.1384098949893508,0.12780699199497245
K7_1e-3_1e4,7,0.001,10000.0,20140425,Tr,0.9622682032535399,15184.051187620953,True,0.002858641176223178,0.27700176392448916,0.49751008607960046,0.18489771207322708
K7_1e-3_1e4,7,0.001,10000.0,20140428,P,0.9341849176426731,17003.718043717985,True,0.009588193246417433,0.6210078789430129,0.18169140016484545,0.12189744528839722
K7_1e-3_1e4,7,0.001,10000.0,20140428,Tr,0.9871701842159846,8357.605056677803,True,0.0025354222265644754,0.3834832766034627,0.254277572969292,0.34687391241666543
K7_1e-3_1e4,7,0.001,10000.0,20140429,P,0.9756305980163006,36899.63492871356,True,0.00745800439168992,0.6559135911688445,0.18650141617177157,0.12575758628399458
K7_1e-3_1e4,7,0.001,10000.0,20140429,Tr,0.980340208516269,22271.83610768899,True,0.025655499716668317,0.3050531817935384,0.38407208213349475,0.2655594448725674
K7_1e-3_1e4,7,0.001,10000.0,20140430,P,0.9686462307603362,41629.9781655864,True,0.00763864044143291,0.6297725640581665,0.19652524977913782,0.13470977648159896
K7_1e-3_1e4,7,0.001,10000.0,20140430,Tr,0.9444038140543181,27867.66007132784,True,0.0026205654749309904,0.34903194855559927,0.36260894840191016,0.23014235162187774
K7_1e-2_1e5,7,0.01,100000.0,20140401,P,0.923895550286234,13903.733583436095,True,0.01042414291522763,0.5971274410924481,0.20400862149877214,0.1123353447797863
K7_1e-2_1e5,7,0.01,100000.0,20140401,Tr,0.9616554615501086,8444.377505100063,True,0.0034924151687582014,0.3579215418819047,0.3132159014680721,0.28702560303137375
K7_1e-2_1e5,7,0.01,100000.0,20140402,P,0.928241787199454,17988.47237787227,True,0.00989928087957608,0.6119468362111656,0.19373021055833572,0.11266545955037667
K7_1e-2_1e5,7,0.01,100000.0,20140402,Tr,0.9390007484405815,13429.839231754871,True,0.003287440532450513,0.33787180362848174,0.3819398743824626,0.2159016298971868
K7_1e-2_1e5,7,0.01,100000.0,20140403,P,0.9686496495660791,35357.92443103284,True,0.006422222225564532,0.6229901549840343,0.21132072019380813,0.12791655216267211
K7_1e-2_1e5,7,0.01,100000.0,20140403,Tr,0.9625580257884111,21921.05876224141,True,0.002960120472754666,0.2597331060149744,0.5176424751741546,0.18222232412652736
K7_1e-2_1e5,7,0.01,100000.0,20140404,P,0.948859516353848,32481.53424315543,True,0.007522268351772466,0.6150528890195923,0.19705528663935237,0.12922907234313089
K7_1e-2_1e5,7,0.01,100000.0,20140404,Tr,0.9512845530043029,29170.38757958542,True,0.0033245014143538265,0.31217332419710386,0.44970649958994696,0.18608022780289837
K7_1e-2_1e5,7,0.01,100000.0,20140407,P,0.9311684233874548,21642.951956338013,True,0.008040978872787631,0.6279244042791713,0.19589907761010775,0.09930396262538813
K7_1e-2_1e5,7,0.01,100000.0,20140407,Tr,0.9425032640008266,15511.15086713159,True,0.003233323751306844,0.3497649123439042,0.39911942026802216,0.19038560763759335
K7_1e-2_1e5,7,0.01,100000.0,20140408,P,0.9191402225811758,14824.912596218237,True,0.008327497919567085,0.6101687664532818,0.17466928967113446,0.1259746685371923
K7_1e-2_1e5,7,0.01,100000.0,20140408,Tr,0.9563892116338736,17448.43916876544,True,0.003501968490612614,0.3195781704239136,0.44558312136481315,0.18772595135453427
K7_1e-2_1e5,7,0.01,100000.0,20140409,P,0.9235729092809368,15000.031732297037,True,0.008547334501341196,0.6082371118444703,0.21292718279756612,0.0938612801375593
K7_1e-2_1e5,7,0.01,100000.0,20140409,Tr,0.9237796464873745,8696.154582885618,True,0.0031843876778000903,0.3143269353239162,0.42645283273729934,0.17981549074835895
K7_1e-2_1e5,7,0.01,100000.0,20140410,P,0.9108893822169403,21967.39658834089,True,0.006970971198326912,0.6193128240270812,0.19152072811652482,0.09308485887500735
K7_1e-2_1e5,7,0.01,100000.0,20140410,Tr,0.9425905456458604,23332.228339915982,True,0.0039302245253763435,0.3902134660965913,0.3369008607757478,0.21154599424814485
K7_1e-2_1e5,7,0.01,100000.0,20140411,P,0.945922088974703,29299.914738097723,True,0.007831020863610892,0.627808165637763,0.17128951771528,0.1389933847580491
K7_1e-2_1e5,7,0.01,100000.0,20140411,Tr,0.9614436461516432,24546.2923014829,True,0.0035221472911475806,0.35894642612743627,0.40114869885495413,0.1978263738781052
K7_1e-2_1e5,7,0.01,100000.0,20140414,P,0.9488355397268665,20060.79370739282,True,0.007329564006078965,0.6434800328805302,0.1879331146570401,0.11009282818321729
K7_1e-2_1e5,7,0.01,100000.0,20140414,Tr,0.9618657719623638,15012.739189200947,True,0.0031658691570485226,0.33039812267497753,0.46405543369610025,0.16424634643423733
K7_1e-2_1e5,7,0.01,100000.0,20140415,P,0.9384539313410034,30137.923281308493,True,0.011071414841126257,0.6498707322257641,0.17209393942036222,0.10541784485375082
K7_1e-2_1e5,7,0.01,100000.0,20140415,Tr,0.9374620422410063,20665.85827101928,True,0.0034387642188440284,0.3366112239048458,0.43249325920952236,0.16491879490779418
K7_1e-2_1e5,7,0.01,100000.0,20140416,P,0.9423110983107525,28532.597517189828,True,0.007098210954867802,0.6557679872553794,0.16600282172023487,0.11344207838027028
K7_1e-2_1e5,7,0.01,100000.0,20140416,Tr,0.9541973995617037,12526.44942536443,True,0.003230399273633653,0.35762977976923294,0.38725083873538346,0.2060863817834538
K7_1e-2_1e5,7,0.01,100000.0,20140417,P,0.9286650544162977,20740.736195344274,True,0.006680645040522845,0.6371603538824467,0.17898579405909903,0.10583826143422906
K7_1e-2_1e5,7,0.01,100000.0,20140417,Tr,0.9484059873340752,10043.355554087822,True,0.00308582403287558,0.28087993324810745,0.49163998293202316,0.172800247121069
K7_1e-2_1e5,7,0.01,100000.0,20140422,P,0.9147222788016094,12380.028881794315,True,0.006901653863720563,0.6450158972060699,0.1581755928342891,0.10462913489752985
K7_1e-2_1e5,7,0.01,100000.0,20140422,Tr,0.9461169985145417,5337.597913388599,True,0.0024621173727645885,0.21315490078591798,0.6184503140891411,0.11204966626671806
K7_1e-2_1e5,7,0.01,100000.0,20140423,P,0.9453502321675076,25841.361873709786,True,0.35702062164405357,0.3186850786279509,0.16541317296432467,0.10423135893117842
K7_1e-2_1e5,7,0.01,100000.0,20140423,Tr,0.9617426602340455,17673.401970973388,True,0.003264695676281402,0.2988982879424731,0.49356687767019924,0.16601279894509174
K7_1e-2_1e5,7,0.01,100000.0,20140424,P,0.9510677138787509,34169.16596628033,True,0.008093169330253731,0.6602313434253237,0.17498771637664523,0.1077554847465281
K7_1e-2_1e5,7,0.01,100000.0,20140424,Tr,0.964006683691547,28093.849734119634,True,0.003378888793405765,0.33574781696633177,0.42328577622669317,0.2015942017051162
K7_1e-2_1e5,7,0.01,100000.0,20140425,P,0.93468084599969,28031.910015295878,True,0.39142092328170086,0.281462395591909,0.1649307724998601,0.09686675462622009
K7_1e-2_1e5,7,0.01,100000.0,20140425,Tr,0.9461999324138096,14172.853993893616,True,0.0031946876429367844,0.29416563993426215,0.490401114347521,0.15843849048908978
K7_1e-2_1e5,7,0.01,100000.0,20140428,P,0.9086294703871748,17399.639793768914,True,0.3816304036620307,0.2651380165267137,0.17126645733838733,0.09059459286004297
K7_1e-2_1e5,7,0.01,100000.0,20140428,Tr,0.9412361905640032,7585.017052795363,True,0.003667368294137478,0.4063189514602161,0.23282312387543233,0.29842674693421734
K7_1e-2_1e5,7,0.01,100000.0,20140429,P,0.9504331954668152,35206.51153173444,True,0.007216750357924662,0.6713647622953673,0.1729104217228264,0.09894126109069687
K7_1e-2_1e5,7,0.01,100000.0,20140429,Tr,0.9662586021408558,21017.143416716543,True,0.0034176343935884103,0.3583307346857066,0.35674459817182064,0.24776563488974013
K7_1e-2_1e5,7,0.01,100000.0,20140430,P,0.9535965290243614,39830.02517567134,True,0.007217104065409545,0.6504507514615467,0.1835028709498619,0.11242580254754339
K7_1e-2_1e5,7,0.01,100000.0,20140430,Tr,0.935220182695243,26766.618043221024,True,0.00348647217610138,0.3800919820354765,0.3507017910471412,0.2009399374365239
K7_1e-3_1e5,7,0.001,100000.0,20140401,P,0.96061246251867,11822.04443533553,True,0.00640539178642792,0.5744180416064694,0.20883480819889227,0.1709542209268805
K7_1e-3_1e5,7,0.001,100000.0,20140401,Tr,0.9762733026403676,6134.260222771525,True,0.003611156716502126,0.3145598519052597,0.3357002978492334,0.32240199616937243
K7_1e-3_1e5,7,0.001,100000.0,20140402,P,0.9573489057330652,15538.282278713736,True,0.006919800278464695,0.5872849929687768,0.2010221428243,0.1621219696615237
K7_1e-3_1e5,7,0.001,100000.0,20140402,Tr,0.9575862607416286,10777.098528584265,True,0.0029387642503281215,0.2996301645967431,0.3876832513941455,0.2673340805004118
K7_1e-3_1e5,7,0.001,100000.0,20140403,P,0.9820551999891957,37989.90028818802,True,0.4620004767609424,0.11990627309392143,0.24129422244832618,0.15885422768600566
K7_1e-3_1e5,7,0.001,100000.0,20140403,Tr,0.9771547113309889,18673.97085327137,True,0.002493567246277311,0.2456707992324107,0.5264724005947128,0.202517944257588
K7_1e-3_1e5,7,0.001,100000.0,20140404,P,0.9570938123850495,28952.731786067456,True,0.00824544011007935,0.5910969302158553,0.19599109286286773,0.16176034919624713
K7_1e-3_1e5,7,0.001,100000.0,20140404,Tr,0.9553277754483185,12782.242135982975,True,0.00013144035974470974,0.014045020986892481,0.6786904660744777,0.2624608480272036
K7_1e-3_1e5,7,0.001,100000.0,20140407,P,0.9629074547380548,24016.790985355703,True,0.45894754650107705,0.10770021858956899,0.24827877054392958,0.14798091910347916
K7_1e-3_1e5,7,0.001,100000.0,20140407,Tr,0.9644930563574763,12879.633075865906,True,0.0031239426721251344,0.2940391888862176,0.4345793429509177,0.23275058184821587
K7_1e-3_1e5,7,0.001,100000.0,20140408,P,0.9609426566850656,12610.308489643949,True,0.009564995929618013,0.5687682260091256,0.18687515622140255,0.19573427852491943
K7_1e-3_1e5,7,0.001,100000.0,20140408,Tr,0.971737505813542,14249.916028875788,True,0.003032081862329561,0.3057030388844537,0.44992564898500265,0.2130767360817561
K7_1e-3_1e5,7,0.001,100000.0,20140409,P,0.954479525022163,12899.150115565124,True,0.006368468830401956,0.577887881551134,0.2120906689561754,0.15813250568445164
K7_1e-3_1e5,7,0.001,100000.0,20140409,Tr,0.9510444203081418,6389.541869612716,True,0.0028189096498102825,0.2784830246193346,0.43041852866607255,0.23932395737292433
K7_1e-3_1e5,7,0.001,100000.0,20140410,P,0.9451764799871902,19182.39639721385,True,0.008711845873824321,0.57457407402207,0.21654125848033695,0.145349301610959
K7_1e-3_1e5,7,0.001,100000.0,20140410,Tr,0.9667503651397874,20186.536249865843,True,0.0032962253632364187,0.342095715484298,0.3612406210035928,0.2601178032886603
K7_1e-3_1e5,7,0.001,100000.0,20140411,P,0.9685340676623833,33003.90215819594,True,0.48890637992253927,0.09217437669373348,0.20924826052751955,0.17820505051859098
K7_1e-3_1e5,7,0.001,100000.0,20140411,Tr,0.9796988609543633,21141.1552612604,True,0.003172852173592344,0.3235926058256115,0.41461037928415245,0.23832302367100705
K7_1e-3_1e5,7,0.001,100000.0,20140414,P,0.9737404212528759,22414.892396500618,True,0.505252857379709,0.0870272280344786,0.21996217256845368,0.16149816327023456
K7_1e-3_1e5,7,0.001,100000.0,20140414,Tr,0.9789635771090691,15447.824500189512,True,0.15499617399091808,0.13607809580824712,0.4806306171441369,0.20725869016576692
K7_1e-3_1e5,7,0.001,100000.0,20140415,P,0.95966384732102,33160.76673221843,True,0.5116131305377422,0.09343406119865022,0.21306613522053777,0.14155052036408977
K7_1e-3_1e5,7,0.001,100000.0,20140415,Tr,0.9550576009071468,17531.810425262825,True,0.003291859706799069,0.30738828215573644,0.42286531325003063,0.22151214579458056
K7_1e-3_1e5,7,0.001,100000.0,20140416,P,0.9677782082596352,25067.255721399757,True,0.008200320177845036,0.6238479544646522,0.17631434370203442,0.15941558991510357
K7_1e-3_1e5,7,0.001,100000.0,20140416,Tr,0.9731703241496307,10028.460486072418,True,0.00318639687492353,0.3145356890991732,0.39465914619008535,0.26078909198544875
K7_1e-3_1e5,7,0.001,100000.0,20140417,P,0.9636722520098183,23119.173731186725,True,0.4856308442448377,0.10238415855306231,0.21354807341095572,0.16210917580096257
K7_1e-3_1e5,7,0.001,100000.0,20140417,Tr,0.973207978816109,10459.564822719505,True,0.14521227959051475,0.10866614709643771,0.494530420095385,0.22479913203377144
K7_1e-3_1e5,7,0.001,100000.0,20140422,P,0.9549899359675598,10624.003239970618,True,0.009629280388701651,0.6105248696163282,0.16489766553207552,0.16993812043045423
K7_1e-3_1e5,7,0.001,100000.0,20140422,Tr,0.9711528826197515,5708.539749533742,True,0.1289204587051371,0.08717827041063425,0.5796693406741797,0.17538481282980034
K7_1e-3_1e5,7,0.001,100000.0,20140423,P,0.9709557981472285,21722.465070353916,True,0.010477671931713818,0.6352209563654589,0.1772093742507439,0.14804779559931178
K7_1e-3_1e5,7,0.001,100000.0,20140423,Tr,0.9784680251318439,15157.079638375071,True,0.002859179483918133,0.28438211899220334,0.46953024626287865,0.22169648039284381
K7_1e-3_1e5,7,0.001,100000.0,20140424,P,0.9666756000897017,30532.64862820458,True,0.010600873919452724,0.6250401265031554,0.18740846384534332,0.1436261358217501
K7_1e-3_1e5,7,0.001,100000.0,20140424,Tr,0.9697863568758817,25009.970537320813,True,0.0030655995084726876,0.30298206708148623,0.4062631170711499,0.2574755732147729
K7_1e-3_1e5,7,0.001,100000.0,20140425,P,0.9650490492787575,9743.37575681944,True,0.0002249519847650821,0.023208082489907293,0.7860355118740066,0.15558050293007858
K7_1e-3_1e5,7,0.001,100000.0,20140425,Tr,0.9630037504293592,11404.646935980214,True,0.0028066686004906056,0.28068333964648834,0.47124610381344323,0.20826763836893708
K7_1e-3_1e5,7,0.001,100000.0,20140428,P,0.9344452208296784,13749.092078627513,True,0.008055436298513366,0.6057980449991203,0.1801355424382728,0.14045619709377194
K7_1e-3_1e5,7,0.001,100000.0,20140428,Tr,0.9885273644746165,5755.244008701233,True,0.003688427599919912,0.35000223825725657,0.27090891653636207,0.363927782081078
K7_1e-3_1e5,7,0.001,100000.0,20140429,P,0.975528746354158,31506.178593131193,True,0.009613094286603131,0.6373509928818635,0.19163471536196974,0.13692994382372162
K7_1e-3_1e5,7,0.001,100000.0,20140429,Tr,0.9810959934813418,18262.16335953403,True,0.0032490750478966417,0.3025279301539838,0.40007406064198586,0.2752449276374753
K7_1e-3_1e5,7,0.001,100000.0,20140430,P,0.9696312103188963,35864.500553182574,True,0.00891937646946598,0.6123780560641532,0.1973766116904047,0.1509571660948725
K7_1e-3_1e5,7,0.001,100000.0,20140430,Tr,0.9473734548999695,23690.15154891953,True,0.00323141256350393,0.3196744547372783,0.37100657900725353,0.25346100859193377
