day,proc,N,T,n_mle,beta_mle,mu_mle,n_bayes,n_sd,n_lo,n_hi,n_soe,m_soe,gamma_min_soe,ll_exp,ll_soe,ks_stat,ks_p,ks_soe,ksp_soe,a0,a1,a2,a3,a4,a5,a6
20140401,P,8846,50391.742073999994,0.545786471035749,1606.6886003360269,0.07973476738574468,0.545781113528897,0.007873509109515014,0.5328101607304663,0.5587129992981879,0.9239409674435334,12.89094894623027,0.003957437723442463,11486.504976297338,15554.340700000026,0.125062706397722,4.684961541789393e-121,0.13030166174880253,2.0633128957832324e-131,0.0011115560962954175,0.006924965376169232,0.09213492990309326,0.952644606928015,2.303084576894065,525.9389969608878,71.66470726576065
20140401,Tr,24146,50391.742073999994,0.30168729426936153,976.7428579598467,0.3346136022306913,0.3018043623727833,0.0035846955521979295,0.2959285581464933,0.30772139977401153,0.9617454197063717,30.734481248595284,0.0011495385682214962,-2552.3395468507115,10128.56999668284,0.18676275739713533,0.0,0.030828494030520653,2.2670720344845144e-20,0.0028560141787920433,0.008402145796783304,0.1420472098986961,1.5963108824023289,1.0387328199639134,275.55843627854506,44.98481242221184
20140402,P,10105,50399.561562,0.5640799451496045,1581.6575509755517,0.08741210069808508,0.5640597947141177,0.0074929562598326695,0.5517094561755324,0.5763602222567966,0.9276721318154757,12.705338217195925,0.0038574538379788186,15393.241594889618,19942.080606634485,0.1132813558785436,2.0591980488517374e-113,0.13353395798901807,1.3563880955433297e-157,0.0011047460707025586,0.0064156301086992175,0.0869710470459818,0.9666297048250332,1.840858444079269,542.1574294021822,88.41192286767689
20140402,Tr,29106,50399.561562,0.29658825296985436,802.4123448909147,0.40622391457438395,0.2967205740630228,0.003276086458640841,0.29134961176963653,0.30212720409057486,0.9391426800604218,23.65372969158462,0.002170623086865238,-1958.1203602196292,15208.793347079074,0.211861473242146,0.0,0.025422420826626102,8.958821792547831e-17,0.0020911780974860136,0.011078575875395812,0.17739958315080928,1.683783498450694,0.9013190901496192,260.59859637617,38.49391284317373
20140403,P,15827,50397.171841,0.5728507546978566,1581.0600450599914,0.13414425579546663,0.572827256130471,0.006033346914045144,0.5628844147447082,0.5827331321313443,0.968560058145542,13.725590224866133,0.0019273848463937603,29441.791778391766,38338.550799613884,0.1416168426123463,2.0788844693800997e-277,0.11362660314087408,1.854011656579259e-178,0.0012591665695065965,0.005924494692333304,0.09818095502593206,1.1065883825593394,1.4454156019678281,551.012351902965,90.92153067040199
20140403,Tr,40259,50397.171841,0.6906056016112613,6.852029126087279,0.24717794799053233,0.6905505768731895,0.0045691525322339895,0.6830030986923825,0.6980345423034954,0.9632685390930911,20.2377296197456,0.0015977488466710488,14.139906559503288,23864.66621388068,0.18071413607154474,0.0,0.039425992391299625,8.236366943220952e-55,0.0018304175828337565,0.008600320349996658,0.3137317502588438,1.622055029376286,1e-10,206.94761229701427,113.38711815262101
20140404,P,15312,50399.898730999994,0.5707561692867316,1550.9967076755602,0.13040857706980094,0.5707360101674335,0.006124287595273574,0.5606435814391496,0.5807914895733922,0.9486663004027988,13.930835593527586,0.0028291076160688873,27199.723374219207,35337.91634444757,0.12461977950736758,1.003202693712748e-207,0.1201846159390198,3.468139761647057e-193,0.0012443206904325832,0.006767974045127408,0.0846886289355055,1.034465599620832,1.295253061352836,546.220308755684,92.46462641465371
20140404,Tr,39716,50399.898730999994,0.6536503876760275,10.648759857618291,0.2729433299989411,0.6536550320307783,0.004654512207905876,0.6459737614088971,0.6612861365822084,0.9514333124254986,20.338597774159165,0.002030724684363876,3409.518702841604,31461.560111709856,0.20304253231140132,0.0,0.0286164499574708,1.0919971069506615e-28,0.0017807627781516117,0.012989965512609253,0.22816563006629417,1.5709202192036185,0.7281338877476885,247.08899457716709,38.293940429447886
20140407,P,11641,50399.951585999996,0.5558656183390156,1694.7299424365567,0.1025938213734847,0.5558455259301018,0.006924546811921926,0.5444366505903451,0.567217391041648,0.9310997957971978,11.442372327477878,0.003983055285343965,18167.673073389706,23888.125221249134,0.12826284058523707,2.0403273166437086e-167,0.13178471330892846,9.503108476383746e-177,0.001000232631122009,0.005471471008077161,0.09171794117262955,1.2052563054004282,2.1224155180743427,533.4337048231935,94.60390887616047
20140407,Tr,29994,50399.951585999996,0.44696155440270935,73.83350203673679,0.32912396299693636,0.4470977056134934,0.004174098472978903,0.44023805062634724,0.4539700815557927,0.9426989629508551,21.225679451388917,0.0022464883204906124,-1072.244427691734,17302.40656758873,0.1477982314917568,0.0,0.0462226619892695,3.9775874647675255e-56,0.0018902450722100104,0.008827024947480253,0.20426498129828333,1.9724676945664505,0.25106500462500936,257.6521983595956,37.296070942774776
20140408,P,9592,50399.611667000005,0.5442443779883281,1712.1086986415537,0.08674976965565591,0.544234072236208,0.0075478297543207715,0.5318010607155115,0.5566324153883287,0.9181946819846942,14.050947111727817,0.003939871427578464,12898.325256378917,16706.034253675178,0.11267655193960702,1.5611217678088317e-106,0.13470450143556592,2.9654470184010963e-152,0.0012042858179888345,0.007869798885669296,0.060252193682793255,1.0721339193768131,1.6516953436628936,527.3726813910931,77.12890880921216
20140408,Tr,31001,50399.611667000005,0.2913087282332051,1060.2680413908831,0.4359205153927802,0.5978206335767737,0.005030052142392893,0.5895290962642328,0.6060770495908899,0.9566611707764988,21.452620564886374,0.0017556088360755864,1308.9375006781702,19499.532442767966,0.24658852074659077,0.0,0.05825330599919443,6.917929849330571e-92,0.0019484713583584224,0.007474867177659017,0.27751731850238953,1.2825256831944645,0.7619359454905041,269.6310416613545,40.45075225971017
20140409,P,9037,50399.989711,0.547631252302473,1657.4788709228003,0.08112308400714392,0.5476096092471717,0.007796511242255814,0.5347649225035193,0.56041443216194,0.9224475223071715,10.593182516901706,0.004532034494263391,12340.92615345701,16726.648591244393,0.13388756745133334,9.806229670597878e-142,0.1267568725075136,4.940152086343206e-127,0.0008806384072357403,0.008628103385341084,0.09225404449061532,0.9406044245201507,2.77787294995828,521.4202201894133,125.89211098560193
20140409,Tr,27812,50399.989711,0.5407930558697067,17.673984833586307,0.25340329026638964,0.5409798888375181,0.005443108817272919,0.5320180820750803,0.5499250135113285,0.9240288118033154,20.69904472139371,0.0028826023909653727,-7809.095877912605,10252.254886207422,0.18753486403702888,0.0,0.03222452340261239,1.5877864119164015e-25,0.001776370256923419,0.011279827841568852,0.21834096142774378,1.614417708417426,1.0300885698046212,239.83069352527042,36.79196202482066
20140410,P,12826,50399.509437,0.5443512120512013,1578.338335427816,0.11595646759229987,0.5443492185904705,0.006533037944216089,0.5335898411304316,0.5550825564496141,0.9102996204152706,10.92362235605625,0.004823653376467809,18549.987903100937,24343.836121650347,0.1214858054632656,2.0149864156496003e-165,0.11988457993398233,4.35062393966957e-161,0.0009252170169867144,0.005913825050146017,0.08810819248764637,1.1324909324064207,2.9051926228831086,489.07252932874195,391.5792692927756
20140410,Tr,33721,50399.509437,0.38355123286016113,293.5661255486302,0.4124575608477962,0.3839360849072131,0.003920334932287589,0.3775003779200435,0.3903975208651183,0.9428318891175822,23.428335310168602,0.0020707028881553637,7781.555887668626,25392.119297422607,0.15448914954447734,0.0,0.029712678392593284,2.687298847434517e-26,0.0021065089687021194,0.008355719196791699,0.17203153408901534,1.568004657832472,3.2486692400383212,283.17173768525697,41.333703215504265
20140411,P,14897,50398.811822,0.5680293174085962,1930.3324703056574,0.1276829147610744,0.5679973375786348,0.0061848556057503765,0.5578056645598614,0.5781528417504084,0.9458679905955958,15.43483717123416,0.0027251510124730563,27447.863173525835,32463.346335303155,0.11149477717281642,9.404003974055524e-162,0.14631160403439103,8.617834406468413e-279,0.0014016450055631853,0.004913870995024194,0.08110644220230542,0.9644828558132384,1.7813057447186493,550.826840884194,103.70153974025675
20140411,Tr,35346,50398.811822,0.31147433310674666,855.6944593589474,0.4828872088486136,0.31157427742254046,0.003038567301517529,0.3065899944456453,0.3165862301726718,0.9617085316853429,21.687038118433506,0.0015617364776146963,6168.023330550568,26801.7093635599,0.22266114353725686,0.0,0.04427212863466068,1.2230492758791313e-60,0.001970504395391273,0.009205027330397695,0.2146604036361936,1.5943162467976824,1.813893198419108,277.67268931158225,27.041692305034058
20140414,P,9782,50394.776616,0.583578769075923,1879.9713172483816,0.08084202949579451,0.5835078023377802,0.007732922739375347,0.5707526603084988,0.596192827441841,0.9483738300948796,11.912849857652446,0.003183031655956691,17497.620174756055,22227.041330395165,0.12103908143757292,2.410151692430417e-125,0.15132622057309014,4.914223077066375e-196,0.0010488207877714512,0.007263721321647538,0.0711906009776515,1.1416022977118105,0.7894588387570514,568.5624636507383,90.46655314117692
20140414,Tr,27933,50394.776616,0.6429862195009594,11.290022292978188,0.197887024489397,0.6429556105289171,0.005199994966915523,0.6343734224284645,0.6514803488757126,0.9618576447402543,18.36553564621847,0.001795812862725848,-3752.180121880516,16408.055147768846,0.2129109968527039,0.0,0.056654397221154396,2.261499465055755e-78,0.001623138455295573,0.011605126165873647,0.258491054250733,1.4141197312856197,2.4562720632324444,255.45563657126812,35.711529690729805
20140415,P,13426,50399.867081000004,0.5985642903212336,1775.435169229244,0.10693827567759752,0.5985045510468366,0.006691412894022246,0.5874664299413075,0.6094800437606899,0.9384277064670545,11.72412957203399,0.0036289078206262412,27407.80176408164,33026.76057198528,0.10715580048954909,1.0585704154375831e-134,0.1347774042676309,3.699129839330009e-213,0.0010440419717126148,0.004751362031861255,0.07444158490722393,1.162910822152316,0.3743892641474684,583.0765623035335,89.56766909716755
20140415,Tr,34561,50399.867081000004,0.3006146259744383,811.3633496420406,0.4795996192949312,0.30072557255239984,0.0030284204611043786,0.2957589760294761,0.305721818145941,0.9373373593578097,18.61215043291949,0.0026875430598369797,2866.133248304308,22690.5625844828,0.21561250605671456,0.0,0.03189388691519501,5.608497624464574e-31,0.0015868940711140317,0.013472919323868397,0.2146060181431879,1.4605460220440958,1.5564096601068431,263.78500229610273,39.090397629539154
20140416,P,13058,50399.416297,0.6006658209968226,1828.6502778746105,0.10346360719716936,0.6005919538805684,0.006791081246299617,0.589388207587406,0.6117297106892791,0.9415179180626186,12.310368952913045,0.003396421057344013,26874.111415830463,31488.71582599436,0.0988680736188775,1.461887888215289e-111,0.13633466068635758,3.7106605579804664e-212,0.0010900515306889538,0.006149012765266521,0.06333159582623817,1.111049943817022,4.687282193134892e-06,571.7882000401609,247.97800220134872
20140416,Tr,27191,50399.416297,0.30487277615320685,857.2940943603971,0.375034288693689,0.30497861336959875,0.003401597657762971,0.29940152030288075,0.3105920251002857,0.9539769953900223,22.180825126729033,0.0018037705686781368,-1601.8048489626672,14231.774930227974,0.21425253448820192,0.0,0.04247335474704206,4.63228896048055e-43,0.0019678857817770237,0.012953675737210514,0.168303544990109,1.7091186916021621,1.0206197864988797,274.3347640223109,38.95283802590102
20140417,P,10761,50396.679932,0.5770697605533129,1772.0340868685435,0.09030660573819632,0.5770129926244013,0.007331964243407982,0.5649235209013288,0.5890445825882973,0.9280007423011399,11.898357803200282,0.004008219952570429,18679.628288328502,23024.08541679923,0.11006108874242526,5.516411248960577e-114,0.1426158640350269,1.9308771477402402e-191,0.0010304976535952066,0.006559559443362417,0.06834544576239313,1.1841535283070976,0.00015281757762381244,564.5973481314193,79.95707607696772
20140417,Tr,27567,50396.679932,0.6594048312830709,8.17916708425602,0.1863187180453524,0.6593450095015744,0.005228731802490144,0.6507112205712753,0.6679126246742997,0.9491120951023763,18.964319825125486,0.0022340692612321266,-6468.403504231479,11324.981386531053,0.1927734893517814,0.0,0.05770353652510174,3.149590319819628e-80,0.0016514929722589895,0.011944992071774699,0.2749124142914532,1.461002382309638,0.8202620232519761,231.5528574508521,37.44746952941466
20140422,P,6784,50397.657063000006,0.5915037107264784,1844.6284093243987,0.054987451203703006,0.5913768010666992,0.009340458232589667,0.5759560723705103,0.6066849384205052,0.9135599092557473,11.76100005440226,0.004536426670533413,11496.77998309476,13930.703063030094,0.09780603005064736,6.112230760352923e-57,0.15949256046453836,3.217767631892838e-151,0.000996762678261434,0.007129136217435755,0.05371935334638825,0.945436017434086,0.8554109986889111,577.6732851519868,81.01929026573637
20140422,Tr,27892,50397.657063000006,0.7107704458875486,4.576303470150806,0.16008483344324448,0.7106453775489809,0.005351709439202324,0.7017924980263078,0.7193981595375853,0.9465608222255635,14.109168449603605,0.002947191583388324,-10184.462096814434,6509.675026964782,0.17391811518877573,0.0,0.09380666524812076,4.670176327748446e-214,0.0011310058511252395,0.016355775665924995,0.4035302879010471,0.576337533829675,0.5578607034624437,200.27270885435001,28.871232808005665
20140423,P,10413,50395.973549,0.6164103632100876,1613.2948249956032,0.07925868852044986,0.616301532304478,0.007705847795141722,0.6035762619519266,0.6289271479411269,0.9448521191962856,11.340571694380778,0.0034425205337880183,21807.851255589252,26584.73016010895,0.10113194358562194,3.6047933452601415e-93,0.12941210763150812,1.6715908147038123e-152,0.0010065057024398628,0.005693328201709713,0.07034224343196363,0.9684197490820412,1.4906223667785272,597.0364683742782,81.41356552970944
20140423,Tr,30033,50395.973549,0.7017944481135932,7.539865591664371,0.17772687786643254,0.7016975494285368,0.005131043513377935,0.6932143627673573,0.7100941845128377,0.9621414983555819,18.07397286434379,0.0018122450400102736,-1759.0470177729985,19094.703068704668,0.20407552277647775,0.0,0.056233730815225313,5.447913885867455e-83,0.0015696051422892125,0.014130474349083275,0.2665885728173724,1.363163068655641,1.5912906014876917,240.70747538200746,43.50979556006971
20140424,P,14705,50397.619578,0.6032528176077621,1634.5385981047614,0.11577473890962649,0.6031970876012626,0.006422021232142972,0.5926030868802794,0.613730415242179,0.9505970798500518,11.766761200886412,0.003102178580537061,30613.808011881712,37219.823731561264,0.10395541205326153,8.119064396858028e-139,0.13034294706578342,2.768836717997787e-218,0.001049518560745848,0.006102396555188481,0.06837807609337933,1.0903054452416445,1.604880590785724,580.9321001540875,102.31731544093773
20140424,Tr,37290,50397.619578,0.3823884796500509,168.3036431095867,0.4569795703943216,0.6331139376711663,0.004591413419268136,0.625540908541041,0.6406457497368669,0.964217037283881,21.570361735736,0.001481668362635848,3993.4823332401356,29987.2146455893,0.18423950418439472,0.0,0.03652502974093974,1.1682411977184585e-43,0.0019144118031769292,0.014462689088134976,0.19185339816321412,1.5819589553937026,1.9546420486925657,254.48682551160329,40.66426383724961
20140425,P,11575,50399.999028000006,0.6053445968809202,1836.3994690498587,0.09063764294090339,0.6052668018802454,0.007245534807907922,0.5933090470674987,0.6171456298819695,0.9342022537154671,10.881379571438691,0.00398499670343308,24192.285687031286,28700.81610963703,0.10796819910008704,5.8421476712732655e-118,0.13922605695785728,3.40339683584634e-196,0.0009544420856337448,0.00539827742533612,0.07000041451033416,1.0449686218269592,1.1997361121791001,589.797663642622,84.8296944128821
20140425,Tr,29375,50399.999028000006,0.6643323429335054,8.996804007769587,0.19565278152474455,0.6642713783400958,0.00506925474395872,0.6559007163151495,0.672577460913018,0.9465228929073463,17.263595193917773,0.002510862931713104,-4413.712912882256,15669.768321999429,0.20386318473673534,0.0,0.06103673442798452,1.413353760199268e-95,0.0014679365705170175,0.013878632335043791,0.25815202939312354,1.468916142415205,0.7262050571118082,244.94578781997527,36.91430479469333
20140428,P,8598,50391.400311000005,0.5776287679640135,1930.309301962175,0.07206678211585008,0.5775506656714734,0.008201544329822508,0.5640232105602928,0.5910051596932918,0.9080344462579543,10.401890250935034,0.005032946139689933,14512.461520760311,17862.759067991065,0.10963505225951264,1.8384155411226944e-90,0.1461850452394306,7.971311464934742e-161,0.0008675366094670841,0.00691179267161243,0.06831202780756461,0.9695907721297843,1.5904194149606177,561.3510949145474,96.36464510424923
20140428,Tr,19763,50391.400311000005,0.353514784464738,591.9209317538593,0.25355203481466315,0.35373633506177227,0.0043765394570741,0.3465582785379945,0.360956201312159,0.9410521852020743,32.18131968341089,0.0016344038731211476,-1034.0729105249047,8750.925301163672,0.15284967797677296,0.0,0.0248379969177846,5.0396208745866545e-11,0.002954344830774734,0.00627851654061165,0.0970004555603023,1.5383793272867503,3.208956780629567,295.68220283474227,42.22377788469137
20140429,P,14609,50399.065579999995,0.6155024575951255,1632.503633591269,0.11145294691236476,0.6154337716957666,0.0065080451833093135,0.6046933866096156,0.6261036710463888,0.9502720219728914,11.0426320839048,0.0032495148455292055,32064.543824695007,38265.42835694982,0.1080355736094274,6.036921412773506e-149,0.127760174343915,2.4397188192133588e-208,0.000996023349982341,0.004413269098009416,0.08063184388515204,1.0548461590816653,1.6947157561193695,593.0936234903187,103.79755149732054
20140429,Tr,32624,50399.065579999995,0.5084250056927679,42.95059268046295,0.3182132867395089,0.5086092638027703,0.00457243236814928,0.5010867797904264,0.5161292906825414,0.9665867628715267,26.474681121497444,0.0011585662972361688,1997.1131089609662,22816.113236569498,0.1712663615587276,0.0,0.023560238202133404,3.6561195225309416e-16,0.0024742797273488363,0.006503650567293377,0.17601014949870195,2.056130258134996,0.8245265969129447,259.6254915224071,46.28351659971195
20140430,P,16854,50398.842309,0.5908287429435187,1610.503326368889,0.136843744972275,0.590799588236036,0.0059426936345584646,0.5810017414951582,0.6005521783396468,0.9528498815335286,11.975455537447582,0.00295967159012858,34340.51983364498,43175.93830660787,0.11551711221890437,2.1784929537696106e-196,0.12401075446576199,2.2952113211003498e-226,0.0010706366685219663,0.006234665153828806,0.06732985268959528,1.2989590515348586,0.8923166160126846,568.6507044056783,86.39934734157569
20140430,Tr,35489,50398.842309,0.5130257692360147,53.391129635398585,0.3429091079384985,0.5132002089872376,0.0043675334783015805,0.5060142805204664,0.5203826987791413,0.9349142215404256,21.587228992319105,0.0024658689885003883,7504.187067621693,28707.287179349914,0.1703064020935299,0.0,0.023159494595047098,5.739863916030833e-17,0.001889303471475022,0.011290590007159403,0.13956552227379418,2.0118464643679537,1.5668401757597303,272.5958081419431,40.63595711199427
